[{
    "name": "L'Île De L'Ascension",
    "iso_code": "ac",
    "phone_code": "247",
    "mask": "+247-____"
},{
    "name": "Andorre",
    "iso_code": "ad",
    "phone_code": "376",
    "mask": "+376-___-___"
},{
    "name": "Les Émirats Arabes Unis",
    "iso_code": "ae",
    "phone_code": "971",
    "mask": "+971-_-___-____"
},{
    "name": "L'afghanistan",
    "iso_code": "af",
    "phone_code": "93",
    "mask": "+93-__-___-____"
},{
    "name": "Antigua-et-Barbuda",
    "iso_code": "ag",
    "phone_code": "1268",
    "mask": "+1(268)___-____"
},{
    "name": "Anguilla",
    "iso_code": "ai",
    "phone_code": "1264",
    "mask": "+1(264)___-____"
},{
    "name": "L'albanie",
    "iso_code": "al",
    "phone_code": "355",
    "mask": "+355(___)___-___"
},{
    "name": "L'arménie",
    "iso_code": "am",
    "phone_code": "374",
    "mask": "+374-__-___-___"
},{
    "name": "Des Caraïbes, Pays-Bas",
    "iso_code": "bq",
    "phone_code": "599",
    "mask": "+599-___-____"
},{
    "name": "L'angola",
    "iso_code": "ao",
    "phone_code": "244",
    "mask": "+244(___)___-___"
},{
    "name": "L'antarctique",
    "iso_code": "aq",
    "phone_code": "6721",
    "mask": "+672-1__-___"
},{
    "name": "Argentine",
    "iso_code": "ar",
    "phone_code": "54",
    "mask": "+54(___)___-____"
},{
    "name": "Samoa Américaines",
    "iso_code": "as",
    "phone_code": "1684",
    "mask": "+1(684)___-____"
},{
    "name": "Autriche",
    "iso_code": "at",
    "phone_code": "43",
    "mask": "+43(___)___-____"
},{
    "name": "Australie",
    "iso_code": "au",
    "phone_code": "61",
    "mask": "+61-_-____-____"
},{
    "name": "Aruba",
    "iso_code": "aw",
    "phone_code": "297",
    "mask": "+297-___-____"
},{
    "name": "L'azerbaïdjan",
    "iso_code": "az",
    "phone_code": "994",
    "mask": "+994-__-___-__-__"
},{
    "name": "La bosnie-Herzégovine",
    "iso_code": "ba",
    "phone_code": "387",
    "mask": "+387-__-____"
},{
    "name": "La barbade",
    "iso_code": "bb",
    "phone_code": "1246",
    "mask": "+1(246)___-____"
},{
    "name": "Bangladesh",
    "iso_code": "bd",
    "phone_code": "880",
    "mask": "+880-__-___-___"
},{
    "name": "Belgique",
    "iso_code": "be",
    "phone_code": "32",
    "mask": "+32(___)___-___"
},{
    "name": "Le Burkina Faso",
    "iso_code": "bf",
    "phone_code": "226",
    "mask": "+226-__-__-____"
},{
    "name": "La bulgarie",
    "iso_code": "bg",
    "phone_code": "359",
    "mask": "+359(___)___-___"
},{
    "name": "Bahreïn",
    "iso_code": "bh",
    "phone_code": "973",
    "mask": "+973-____-____"
},{
    "name": "Burundi",
    "iso_code": "bi",
    "phone_code": "257",
    "mask": "+257-__-__-____"
},{
    "name": "Bénin",
    "iso_code": "bj",
    "phone_code": "229",
    "mask": "+229-__-__-____"
},{
    "name": "Bermuda",
    "iso_code": "bm",
    "phone_code": "1441",
    "mask": "+1(441)___-____"
},{
    "name": "Le Brunéi Darussalam",
    "iso_code": "bn",
    "phone_code": "673",
    "mask": "+673-___-____"
},{
    "name": "La bolivie",
    "iso_code": "bo",
    "phone_code": "591",
    "mask": "+591-_-___-____"
},{
    "name": "Le brésil",
    "iso_code": "br",
    "phone_code": "55",
    "mask": "+55-__-____-____"
},{
    "name": "Bahamas",
    "iso_code": "bs",
    "phone_code": "1242",
    "mask": "+1(242)___-____"
},{
    "name": "Le bhoutan",
    "iso_code": "bt",
    "phone_code": "975",
    "mask": "+975-_-___-___"
},{
    "name": "Le botswana",
    "iso_code": "bw",
    "phone_code": "267",
    "mask": "+267-__-___-___"
},{
    "name": "Biélorussie",
    "iso_code": "by",
    "phone_code": "375",
    "mask": "+375(__)___-__-__"
},{
    "name": "Belize",
    "iso_code": "bz",
    "phone_code": "501",
    "mask": "+501-___-____"
},{
    "name": "Congo (Kinshasa)",
    "iso_code": "cd",
    "phone_code": "243",
    "mask": "+243(___)___-___"
},{
    "name": "La République Centrafricaine",
    "iso_code": "cf",
    "phone_code": "236",
    "mask": "+236-__-__-____"
},{
    "name": "Congo (Brazzaville)",
    "iso_code": "cg",
    "phone_code": "242",
    "mask": "+242-__-___-____"
},{
    "name": "La suisse",
    "iso_code": "ch",
    "phone_code": "41",
    "mask": "+41-__-___-____"
},{
    "name": "La côte d'Ivoire",
    "iso_code": "ci",
    "phone_code": "225",
    "mask": "+225-__-___-___"
},{
    "name": "Les Îles Cook",
    "iso_code": "ck",
    "phone_code": "682",
    "mask": "+682-__-___"
},{
    "name": "Le chili",
    "iso_code": "cl",
    "phone_code": "56",
    "mask": "+56-_-____-____"
},{
    "name": "Cameroun",
    "iso_code": "cm",
    "phone_code": "237",
    "mask": "+237-____-____"
},{
    "name": "La chine",
    "iso_code": "cn",
    "phone_code": "86",
    "mask": "+86(___)____-___"
},{
    "name": "La colombie",
    "iso_code": "co",
    "phone_code": "57",
    "mask": "+57(___)___-____"
},{
    "name": "Le Costa Rica",
    "iso_code": "cr",
    "phone_code": "506",
    "mask": "+506-____-____"
},{
    "name": "Cuba",
    "iso_code": "cu",
    "phone_code": "53",
    "mask": "+53-_-___-____"
},{
    "name": "Le Cap-Vert",
    "iso_code": "cv",
    "phone_code": "238",
    "mask": "+238(___)__-__"
},{
    "name": "Curaçao",
    "iso_code": "cw",
    "phone_code": "599",
    "mask": "+599-___-____"
},{
    "name": "Chypre",
    "iso_code": "cy",
    "phone_code": "357",
    "mask": "+357-__-___-___"
},{
    "name": "République tchèque",
    "iso_code": "cz",
    "phone_code": "420",
    "mask": "+420(___)___-___"
},{
    "name": "Allemagne",
    "iso_code": "de",
    "phone_code": "49",
    "mask": "+49-___-___"
},{
    "name": "Djibouti",
    "iso_code": "dj",
    "phone_code": "253",
    "mask": "+253-__-__-__-__"
},{
    "name": "Le danemark",
    "iso_code": "dk",
    "phone_code": "45",
    "mask": "+45-__-__-__-__"
},{
    "name": "Dominique",
    "iso_code": "dm",
    "phone_code": "1767",
    "mask": "+1(767)___-____"
},{
    "name": "La République Dominicaine",
    "iso_code": "do",
    "phone_code": "1809",
    "mask": "+1(809)___-____"
},{
    "iso_code": "do",
    "mask": "+1(829)___-____"
},{
    "iso_code": "do",
    "mask": "+1(849)___-____"
},{
    "name": "Algérie",
    "iso_code": "dz",
    "phone_code": "213",
    "mask": "+213-__-___-____"
},{
    "name": "Equateur",
    "iso_code": "ec",
    "phone_code": "593",
    "mask": "+593-_-___-____"
},{
    "name": "Estonie",
    "iso_code": "ee",
    "phone_code": "372",
    "mask": "+372-___-____"
},{
    "name": "L'egypte",
    "iso_code": "eg",
    "phone_code": "20",
    "mask": "+20(___)___-____"
},{
    "name": "L'érythrée",
    "iso_code": "er",
    "phone_code": "291",
    "mask": "+291-_-___-___"
},{
    "name": "Espagne",
    "iso_code": "es",
    "phone_code": "34",
    "mask": "+34(___)___-___"
},{
    "name": "L'ethiopie",
    "iso_code": "et",
    "phone_code": "251",
    "mask": "+251-__-___-____"
},{
    "name": "La finlande",
    "iso_code": "fi",
    "phone_code": "358",
    "mask": "+358(___)___-__-__"
},{
    "name": "Fidji",
    "iso_code": "fj",
    "phone_code": "679",
    "mask": "+679-__-_____"
},{
    "name": "Falkland islands",
    "iso_code": "fk",
    "phone_code": "500",
    "mask": "+500-_____"
},{
    "name": "F. W. De Micronésie",
    "iso_code": "fm",
    "phone_code": "691",
    "mask": "+691-___-____"
},{
    "name": "Îles féroé",
    "iso_code": "fo",
    "phone_code": "298",
    "mask": "+298-___-___"
},{
    "name": "Mayotte",
    "iso_code": "fr",
    "phone_code": "262",
    "mask": "+262-_____-____"
},{
    "name": "France",
    "iso_code": "fr",
    "phone_code": "33",
    "mask": "+33(___)___-___"
},{
    "name": "Saint-Pierre-et-Miquelon",
    "iso_code": "fr",
    "phone_code": "508",
    "mask": "+508-__-____"
},{
    "name": "Guadeloupe",
    "iso_code": "fr",
    "phone_code": "590",
    "mask": "+590(___)___-___"
},{
    "name": "Gabon",
    "iso_code": "ga",
    "phone_code": "241",
    "mask": "+241-_-__-__-__"
},{
    "name": "La grenade",
    "iso_code": "gd",
    "phone_code": "1473",
    "mask": "+1(473)___-____"
},{
    "name": "La géorgie",
    "iso_code": "ge",
    "phone_code": "995",
    "mask": "+995(___)___-___"
},{
    "name": "Fr. La guyane",
    "iso_code": "gf",
    "phone_code": "594",
    "mask": "+594-_____-____"
},{
    "name": "Le ghana",
    "iso_code": "gh",
    "phone_code": "233",
    "mask": "+233(___)___-___"
},{
    "name": "Gibraltar",
    "iso_code": "gi",
    "phone_code": "350",
    "mask": "+350-___-_____"
},{
    "name": "Le groenland",
    "iso_code": "gl",
    "phone_code": "299",
    "mask": "+299-__-__-__"
},{
    "name": "La gambie",
    "iso_code": "gm",
    "phone_code": "220",
    "mask": "+220(___)__-__"
},{
    "name": "La guinée",
    "iso_code": "gn",
    "phone_code": "224",
    "mask": "+224-__-___-___"
},{
    "name": "Guinée Équatoriale",
    "iso_code": "gq",
    "phone_code": "240",
    "mask": "+240-__-___-____"
},{
    "name": "Grèce",
    "iso_code": "gr",
    "phone_code": "30",
    "mask": "+30(___)___-____"
},{
    "name": "Guatemala",
    "iso_code": "gt",
    "phone_code": "502",
    "mask": "+502-_-___-____"
},{
    "name": "Guam",
    "iso_code": "gu",
    "phone_code": "1671",
    "mask": "+1(671)___-____"
},{
    "name": "La Guinée-Bissau",
    "iso_code": "gw",
    "phone_code": "245",
    "mask": "+245-_-______"
},{
    "name": "La guyane",
    "iso_code": "gy",
    "phone_code": "592",
    "mask": "+592-___-____"
},{
    "name": "Hong kong",
    "iso_code": "hk",
    "phone_code": "852",
    "mask": "+852-____-____"
},{
    "name": "Le honduras",
    "iso_code": "hn",
    "phone_code": "504",
    "mask": "+504-____-____"
},{
    "name": "Croatie",
    "iso_code": "hr",
    "phone_code": "385",
    "mask": "+385-__-___-___"
},{
    "name": "Haïti",
    "iso_code": "ht",
    "phone_code": "509",
    "mask": "+509-__-__-____"
},{
    "name": "Hongrie",
    "iso_code": "hu",
    "phone_code": "36",
    "mask": "+36(___)___-___"
},{
    "name": "Indonésie",
    "iso_code": "id",
    "phone_code": "62",
    "mask": "+62-__-___-__"
},{
    "name": "L'irlande",
    "iso_code": "ie",
    "phone_code": "353",
    "mask": "+353(___)___-___"
},{
    "name": "Israël",
    "iso_code": "il",
    "phone_code": "972",
    "mask": "+972-_-___-____"
},{
    "name": "L'inde",
    "iso_code": "in",
    "phone_code": "91",
    "mask": "+91(____)___-___"
},{
    "name": "Diego Garcia",
    "iso_code": "io",
    "phone_code": "246",
    "mask": "+246-___-____"
},{
    "name": "L'irak",
    "iso_code": "iq",
    "phone_code": "964",
    "mask": "+964(___)___-____"
},{
    "name": "L'iran",
    "iso_code": "ir",
    "phone_code": "98",
    "mask": "+98(___)___-____"
},{
    "name": "L'islande",
    "iso_code": "is",
    "phone_code": "354",
    "mask": "+354-___-____"
},{
    "name": "Italie",
    "iso_code": "it",
    "phone_code": "39",
    "mask": "+39(___)____-___"
},{
    "name": "La jamaïque",
    "iso_code": "jm",
    "phone_code": "1876",
    "mask": "+1(876)___-____"
},{
    "name": "La jordanie",
    "iso_code": "jo",
    "phone_code": "962",
    "mask": "+962-_-____-____"
},{
    "name": "Le japon",
    "iso_code": "jp",
    "phone_code": "81",
    "mask": "+81(___)___-___"
},{
    "name": "Le kenya",
    "iso_code": "ke",
    "phone_code": "254",
    "mask": "+254-___-______"
},{
    "name": "Le kirghizstan",
    "iso_code": "kg",
    "phone_code": "996",
    "mask": "+996(___)___-___"
},{
    "name": "Le cambodge",
    "iso_code": "kh",
    "phone_code": "855",
    "mask": "+855-__-___-___"
},{
    "name": "Kiribati",
    "iso_code": "ki",
    "phone_code": "686",
    "mask": "+686-__-___"
},{
    "name": "Les comores",
    "iso_code": "km",
    "phone_code": "269",
    "mask": "+269-__-_____"
},{
    "name": "Saint-Kitts-et-Nevis",
    "iso_code": "kn",
    "phone_code": "1869",
    "mask": "+1(869)___-____"
},{
    "name": "Version coréenne de la DINA",
    "iso_code": "kp",
    "phone_code": "850",
    "mask": "+850-___-___"
},{
    "name": "Resp. Corée",
    "iso_code": "kr",
    "phone_code": "82",
    "mask": "+82-__-___-____"
},{
    "name": "Le koweït",
    "iso_code": "kw",
    "phone_code": "965",
    "mask": "+965-____-____"
},{
    "name": "Les îles caïmans",
    "iso_code": "ky",
    "phone_code": "1345",
    "mask": "+1(345)___-____"
},{
    "name": "Le kazakhstan",
    "iso_code": "kz",
    "phone_code": "76",
    "mask": "+7(6__)___-__-__"
},{
    "iso_code": "kz",
    "mask": "+7(7__)___-__-__"
},{
    "name": "Le laos",
    "iso_code": "la",
    "phone_code": "856",
    "mask": "+856-__-___-___"
},{
    "name": "Le liban",
    "iso_code": "lb",
    "phone_code": "961",
    "mask": "+961-_-___-___"
},{
    "name": "Sainte-Lucie",
    "iso_code": "lc",
    "phone_code": "1758",
    "mask": "+1(758)___-____"
},{
    "name": "Le liechtenstein",
    "iso_code": "li",
    "phone_code": "423",
    "mask": "+423(___)___-____"
},{
    "name": "Sri Lanka",
    "iso_code": "lk",
    "phone_code": "94",
    "mask": "+94-__-___-____"
},{
    "name": "Le libéria",
    "iso_code": "lr",
    "phone_code": "231",
    "mask": "+231-__-___-___"
},{
    "name": "Le lesotho",
    "iso_code": "ls",
    "phone_code": "266",
    "mask": "+266-_-___-____"
},{
    "name": "Lituanie",
    "iso_code": "lt",
    "phone_code": "370",
    "mask": "+370(___)__-___"
},{
    "name": "Luxembourg",
    "iso_code": "lu",
    "phone_code": "352",
    "mask": "+352(___)___-___"
},{
    "name": "La lettonie",
    "iso_code": "lv",
    "phone_code": "371",
    "mask": "+371-__-___-___"
},{
    "name": "La libye",
    "iso_code": "ly",
    "phone_code": "218",
    "mask": "+218-__-___-___"
},{
    "name": "Maroc",
    "iso_code": "ma",
    "phone_code": "212",
    "mask": "+212-__-____-___"
},{
    "name": "Monaco",
    "iso_code": "mc",
    "phone_code": "377",
    "mask": "+377-__-___-___"
},{
    "name": "La moldavie",
    "iso_code": "md",
    "phone_code": "373",
    "mask": "+373-____-____"
},{
    "name": "Le monténégro",
    "iso_code": "me",
    "phone_code": "382",
    "mask": "+382-__-___-___"
},{
    "name": "Madagascar",
    "iso_code": "mg",
    "phone_code": "261",
    "mask": "+261-__-__-_____"
},{
    "name": "Les Îles Marshall",
    "iso_code": "mh",
    "phone_code": "692",
    "mask": "+692-___-____"
},{
    "name": "Resp. Macédoine",
    "iso_code": "mk",
    "phone_code": "389",
    "mask": "+389-__-___-___"
},{
    "name": "Le mali",
    "iso_code": "ml",
    "phone_code": "223",
    "mask": "+223-__-__-____"
},{
    "name": "La Birmanie (Myanmar)",
    "iso_code": "mm",
    "phone_code": "95",
    "mask": "+95-___-___"
},{
    "name": "La mongolie",
    "iso_code": "mn",
    "phone_code": "976",
    "mask": "+976-__-__-____"
},{
    "name": "Macao",
    "iso_code": "mo",
    "phone_code": "853",
    "mask": "+853-____-____"
},{
    "name": "Îles Mariannes du nord",
    "iso_code": "mp",
    "phone_code": "1670",
    "mask": "+1(670)___-____"
},{
    "name": "La martinique",
    "iso_code": "mq",
    "phone_code": "596",
    "mask": "+596(___)__-__-__"
},{
    "name": "La mauritanie",
    "iso_code": "mr",
    "phone_code": "222",
    "mask": "+222-__-__-____"
},{
    "name": "Montserrat",
    "iso_code": "ms",
    "phone_code": "1664",
    "mask": "+1(664)___-____"
},{
    "name": "Malte",
    "iso_code": "mt",
    "phone_code": "356",
    "mask": "+356-____-____"
},{
    "name": "Maurice",
    "iso_code": "mu",
    "phone_code": "230",
    "mask": "+230-___-____"
},{
    "name": "Les maldives",
    "iso_code": "mv",
    "phone_code": "960",
    "mask": "+960-___-____"
},{
    "name": "Le malawi",
    "iso_code": "mw",
    "phone_code": "265",
    "mask": "+265-_-____-____"
},{
    "name": "Mexique",
    "iso_code": "mx",
    "phone_code": "52",
    "mask": "+52-__-__-____"
},{
    "name": "Malaisie",
    "iso_code": "my",
    "phone_code": "60",
    "mask": "+60-_-___-___"
},{
    "name": "Mozambique",
    "iso_code": "mz",
    "phone_code": "258",
    "mask": "+258-__-___-___"
},{
    "name": "La namibie",
    "iso_code": "na",
    "phone_code": "264",
    "mask": "+264-__-___-____"
},{
    "name": "La Nouvelle-Calédonie",
    "iso_code": "nc",
    "phone_code": "687",
    "mask": "+687-__-____"
},{
    "name": "Le niger",
    "iso_code": "ne",
    "phone_code": "227",
    "mask": "+227-__-__-____"
},{
    "name": "Norfolk (île)",
    "iso_code": "nf",
    "phone_code": "6723",
    "mask": "+672-3__-___"
},{
    "name": "Le nigéria",
    "iso_code": "ng",
    "phone_code": "234",
    "mask": "+234-__-___-__"
},{
    "name": "Nicaragua",
    "iso_code": "ni",
    "phone_code": "505",
    "mask": "+505-____-____"
},{
    "name": "Pays-bas",
    "iso_code": "nl",
    "phone_code": "31",
    "mask": "+31-__-___-____"
},{
    "name": "La norvège",
    "iso_code": "no",
    "phone_code": "47",
    "mask": "+47(___)__-___"
},{
    "name": "Le népal",
    "iso_code": "np",
    "phone_code": "977",
    "mask": "+977-__-___-___"
},{
    "name": "Nauru",
    "iso_code": "nr",
    "phone_code": "674",
    "mask": "+674-___-____"
},{
    "name": "Niue",
    "iso_code": "nu",
    "phone_code": "683",
    "mask": "+683-____"
},{
    "name": "La Nouvelle-Zélande",
    "iso_code": "nz",
    "phone_code": "64",
    "mask": "+64-__-___-___"
},{
    "name": "Oman",
    "iso_code": "om",
    "phone_code": "968",
    "mask": "+968-__-___-___"
},{
    "name": "Panama",
    "iso_code": "pa",
    "phone_code": "507",
    "mask": "+507-___-____"
},{
    "name": "Le pérou",
    "iso_code": "pe",
    "phone_code": "51",
    "mask": "+51(___)___-___"
},{
    "name": "Polynésie Française (Tahiti)",
    "iso_code": "pf",
    "phone_code": "689",
    "mask": "+689-__-__-__"
},{
    "name": "La Papouasie-Nouvelle-Guinée",
    "iso_code": "pg",
    "phone_code": "675",
    "mask": "+675(___)__-___"
},{
    "name": "Philippines",
    "iso_code": "ph",
    "phone_code": "63",
    "mask": "+63(___)___-____"
},{
    "name": "Le pakistan",
    "iso_code": "pk",
    "phone_code": "92",
    "mask": "+92(___)___-____"
},{
    "name": "Pologne",
    "iso_code": "pl",
    "phone_code": "48",
    "mask": "+48(___)___-___"
},{
    "name": "La palestine",
    "iso_code": "ps",
    "phone_code": "970",
    "mask": "+970-__-___-____"
},{
    "name": "Portugal",
    "iso_code": "pt",
    "phone_code": "351",
    "mask": "+351-__-___-____"
},{
    "name": "Palau",
    "iso_code": "pw",
    "phone_code": "680",
    "mask": "+680-___-____"
},{
    "name": "Le paraguay",
    "iso_code": "py",
    "phone_code": "595",
    "mask": "+595(___)___-___"
},{
    "name": "Le qatar",
    "iso_code": "qa",
    "phone_code": "974",
    "mask": "+974-____-____"
},{
    "name": "La réunion",
    "iso_code": "re",
    "phone_code": "262",
    "mask": "+262-_____-____"
},{
    "name": "La roumanie",
    "iso_code": "ro",
    "phone_code": "40",
    "mask": "+40-__-___-____"
},{
    "name": "La serbie",
    "iso_code": "rs",
    "phone_code": "381",
    "mask": "+381-__-___-____"
},{
    "name": "La russie",
    "iso_code": "ru",
    "phone_code": "7",
    "mask": "+7(___)___-__-__"
},{
    "name": "Le rwanda",
    "iso_code": "rw",
    "phone_code": "250",
    "mask": "+250(___)___-___"
},{
    "name": "L'Arabie Saoudite",
    "iso_code": "sa",
    "phone_code": "966",
    "mask": "+966-_-___-____"
},{
    "name": "Les Îles Salomon",
    "iso_code": "sb",
    "phone_code": "677",
    "mask": "+677-_____"
},{
    "name": "Les seychelles",
    "iso_code": "sc",
    "phone_code": "248",
    "mask": "+248-_-___-___"
},{
    "name": "Le soudan",
    "iso_code": "sd",
    "phone_code": "249",
    "mask": "+249-__-___-____"
},{
    "name": "La suède",
    "iso_code": "se",
    "phone_code": "46",
    "mask": "+46-__-___-____"
},{
    "name": "Singapour",
    "iso_code": "sg",
    "phone_code": "65",
    "mask": "+65-____-____"
},{
    "name": "La slovénie",
    "iso_code": "si",
    "phone_code": "386",
    "mask": "+386-__-___-___"
},{
    "name": "La slovaquie",
    "iso_code": "sk",
    "phone_code": "421",
    "mask": "+421(___)___-___"
},{
    "name": "La Sierra Leone",
    "iso_code": "sl",
    "phone_code": "232",
    "mask": "+232-__-______"
},{
    "name": "Saint-Marin",
    "iso_code": "sm",
    "phone_code": "378",
    "mask": "+378-____-______"
},{
    "name": "Le sénégal",
    "iso_code": "sn",
    "phone_code": "221",
    "mask": "+221-__-___-____"
},{
    "name": "Somalie",
    "iso_code": "so",
    "phone_code": "252",
    "mask": "+252-_-___-___"
},{
    "name": "Suriname",
    "iso_code": "sr",
    "phone_code": "597",
    "mask": "+597-___-___"
},{
    "name": "Le Soudan Du Sud",
    "iso_code": "ss",
    "phone_code": "211",
    "mask": "+211-__-___-____"
},{
    "name": "San-Tomé-et-Principe",
    "iso_code": "st",
    "phone_code": "239",
    "mask": "+239-__-_____"
},{
    "name": "Salvador",
    "iso_code": "sv",
    "phone_code": "503",
    "mask": "+503-__-__-____"
},{
    "name": "Sint-Maarten",
    "iso_code": "sx",
    "phone_code": "1721",
    "mask": "+1(721)___-____"
},{
    "name": "La république arabe syrienne",
    "iso_code": "sy",
    "phone_code": "963",
    "mask": "+963-__-____-___"
},{
    "name": "Le swaziland",
    "iso_code": "sz",
    "phone_code": "268",
    "mask": "+268-__-__-____"
},{
    "name": "Turques-et-Caïques",
    "iso_code": "tc",
    "phone_code": "1649",
    "mask": "+1(649)___-____"
},{
    "name": "Le tchad",
    "iso_code": "td",
    "phone_code": "235",
    "mask": "+235-__-__-__-__"
},{
    "name": "Plus",
    "iso_code": "tg",
    "phone_code": "228",
    "mask": "+228-__-___-___"
},{
    "name": "Thaïlande",
    "iso_code": "th",
    "phone_code": "66",
    "mask": "+66-__-___-___"
},{
    "name": "Le tadjikistan",
    "iso_code": "tj",
    "phone_code": "992",
    "mask": "+992-__-___-____"
},{
    "name": "Tokelau",
    "iso_code": "tk",
    "phone_code": "690",
    "mask": "+690-____"
},{
    "name": "Timor-Leste",
    "iso_code": "tl",
    "phone_code": "670",
    "mask": "+670-___-____"
},{
    "name": "Le turkménistan",
    "iso_code": "tm",
    "phone_code": "993",
    "mask": "+993-_-___-____"
},{
    "name": "Tunisie",
    "iso_code": "tn",
    "phone_code": "216",
    "mask": "+216-__-___-___"
},{
    "name": "Tonga",
    "iso_code": "to",
    "phone_code": "676",
    "mask": "+676-_____"
},{
    "name": "Turquie",
    "iso_code": "tr",
    "phone_code": "90",
    "mask": "+90(___)___-____"
},{
    "name": "Le dollar de trinité-et-Tobago",
    "iso_code": "tt",
    "phone_code": "1868",
    "mask": "+1(868)___-____"
},{
    "name": "Tuvalu",
    "iso_code": "tv",
    "phone_code": "688",
    "mask": "+688-_____"
},{
    "name": "Taiwan",
    "iso_code": "tw",
    "phone_code": "886",
    "mask": "+886-____-____"
},{
    "name": "La tanzanie",
    "iso_code": "tz",
    "phone_code": "255",
    "mask": "+255-__-___-____"
},{
    "name": "L'ukraine",
    "iso_code": "ua",
    "phone_code": "380",
    "mask": "+380(__)___-__-__"
},{
    "name": "L'ouganda",
    "iso_code": "ug",
    "phone_code": "256",
    "mask": "+256(___)___-___"
},{
    "name": "Royaume-uni",
    "iso_code": "gb",
    "phone_code": "44",
    "mask": "+44-__-____-____"
},{
    "name": "Uruguay",
    "iso_code": "uy",
    "phone_code": "598",
    "mask": "+598-_-___-__-__"
},{
    "name": "Ouzbékistan",
    "iso_code": "uz",
    "phone_code": "998",
    "mask": "+998-__-___-____"
},{
    "name": "La cité du vatican",
    "iso_code": "va",
    "phone_code": "396698",
    "mask": "+39-6-698-_____"
},{
    "name": "Saint-Vincent-et-les-Grenadines",
    "iso_code": "vc",
    "phone_code": "1784",
    "mask": "+1(784)___-____"
},{
    "name": "Le venezuela",
    "iso_code": "ve",
    "phone_code": "58",
    "mask": "+58(___)___-____"
},{
    "name": "Iles vierges (britanniques)",
    "iso_code": "vg",
    "phone_code": "1284",
    "mask": "+1(284)___-____"
},{
    "name": "Iles vierges (américaines)",
    "iso_code": "vi",
    "phone_code": "1340",
    "mask": "+1(340)___-____"
},{
    "name": "Le vietnam",
    "iso_code": "vn",
    "phone_code": "84",
    "mask": "+84-__-____-___"
},{
    "name": "Vanuatu",
    "iso_code": "vu",
    "phone_code": "678",
    "mask": "+678-_____"
},{
    "name": "Wallis-et-Futuna",
    "iso_code": "wf",
    "phone_code": "681",
    "mask": "+681-__-____"
},{
    "name": "Samoa",
    "iso_code": "ws",
    "phone_code": "685",
    "mask": "+685-__-____"
},{
    "name": "Le yémen",
    "iso_code": "ye",
    "phone_code": "967",
    "mask": "+967-_-___-___"
},{
    "name": "Afrique Du Sud Rép.",
    "iso_code": "za",
    "phone_code": "27",
    "mask": "+27-__-___-____"
},{
    "name": "La zambie",
    "iso_code": "zm",
    "phone_code": "260",
    "mask": "+260-__-___-____"
},{
    "name": "Le zimbabwe",
    "iso_code": "zw",
    "phone_code": "263",
    "mask": "+263-_-______"
},{
    "name": "Canada",
    "iso_code": "ca",
    "phone_code": "1",
    "mask": "+1(___)___-____"
},{
    "name": "Les Etats-Unis",
    "iso_code": "us",
    "phone_code": "1",
    "mask": "+1(___)___-____"
}]