[{
    "name": "אסנשן",
    "iso_code": "ac",
    "phone_code": "247",
    "mask": "+247-____"
},{
    "name": "אנדורה",
    "iso_code": "ad",
    "phone_code": "376",
    "mask": "+376-___-___"
},{
    "name": "האמירויות הערביות",
    "iso_code": "ae",
    "phone_code": "971",
    "mask": "+971-_-___-____"
},{
    "name": "אפגניסטן",
    "iso_code": "af",
    "phone_code": "93",
    "mask": "+93-__-___-____"
},{
    "name": "אנטיגואה וברבודה",
    "iso_code": "ag",
    "phone_code": "1268",
    "mask": "+1(268)___-____"
},{
    "name": "אנגווילה",
    "iso_code": "ai",
    "phone_code": "1264",
    "mask": "+1(264)___-____"
},{
    "name": "אלבניה",
    "iso_code": "al",
    "phone_code": "355",
    "mask": "+355(___)___-___"
},{
    "name": "ארמניה",
    "iso_code": "am",
    "phone_code": "374",
    "mask": "+374-__-___-___"
},{
    "name": "הקריביים הולנד",
    "iso_code": "bq",
    "phone_code": "599",
    "mask": "+599-___-____"
},{
    "name": "אנגולה",
    "iso_code": "ao",
    "phone_code": "244",
    "mask": "+244(___)___-___"
},{
    "name": "אנטארקטיקה",
    "iso_code": "aq",
    "phone_code": "6721",
    "mask": "+672-1__-___"
},{
    "name": "ארגנטינה",
    "iso_code": "ar",
    "phone_code": "54",
    "mask": "+54(___)___-____"
},{
    "name": "סמואה האמריקנית",
    "iso_code": "as",
    "phone_code": "1684",
    "mask": "+1(684)___-____"
},{
    "name": "אוסטריה",
    "iso_code": "at",
    "phone_code": "43",
    "mask": "+43(___)___-____"
},{
    "name": "אוסטרליה",
    "iso_code": "au",
    "phone_code": "61",
    "mask": "+61-_-____-____"
},{
    "name": "ארובה",
    "iso_code": "aw",
    "phone_code": "297",
    "mask": "+297-___-____"
},{
    "name": "אזרבייג ' אן",
    "iso_code": "az",
    "phone_code": "994",
    "mask": "+994-__-___-__-__"
},{
    "name": "בוסניה והרצגובינה",
    "iso_code": "ba",
    "phone_code": "387",
    "mask": "+387-__-____"
},{
    "name": "ברבדוס",
    "iso_code": "bb",
    "phone_code": "1246",
    "mask": "+1(246)___-____"
},{
    "name": "בנגלדש",
    "iso_code": "bd",
    "phone_code": "880",
    "mask": "+880-__-___-___"
},{
    "name": "בלגיה",
    "iso_code": "be",
    "phone_code": "32",
    "mask": "+32(___)___-___"
},{
    "name": "בורקינה פאסו",
    "iso_code": "bf",
    "phone_code": "226",
    "mask": "+226-__-__-____"
},{
    "name": "בולגריה",
    "iso_code": "bg",
    "phone_code": "359",
    "mask": "+359(___)___-___"
},{
    "name": "בחריין",
    "iso_code": "bh",
    "phone_code": "973",
    "mask": "+973-____-____"
},{
    "name": "בורונדי",
    "iso_code": "bi",
    "phone_code": "257",
    "mask": "+257-__-__-____"
},{
    "name": "בנין",
    "iso_code": "bj",
    "phone_code": "229",
    "mask": "+229-__-__-____"
},{
    "name": "ברמודה",
    "iso_code": "bm",
    "phone_code": "1441",
    "mask": "+1(441)___-____"
},{
    "name": "Brunei Darussalam",
    "iso_code": "bn",
    "phone_code": "673",
    "mask": "+673-___-____"
},{
    "name": "בוליביה",
    "iso_code": "bo",
    "phone_code": "591",
    "mask": "+591-_-___-____"
},{
    "name": "ברזיל",
    "iso_code": "br",
    "phone_code": "55",
    "mask": "+55-__-____-____"
},{
    "name": "איי בהאמה",
    "iso_code": "bs",
    "phone_code": "1242",
    "mask": "+1(242)___-____"
},{
    "name": "בהוטן",
    "iso_code": "bt",
    "phone_code": "975",
    "mask": "+975-_-___-___"
},{
    "name": "בוטסואנה",
    "iso_code": "bw",
    "phone_code": "267",
    "mask": "+267-__-___-___"
},{
    "name": "בלארוס",
    "iso_code": "by",
    "phone_code": "375",
    "mask": "+375(__)___-__-__"
},{
    "name": "בליז",
    "iso_code": "bz",
    "phone_code": "501",
    "mask": "+501-___-____"
},{
    "name": "קונגו (קינשאסה)",
    "iso_code": "cd",
    "phone_code": "243",
    "mask": "+243(___)___-___"
},{
    "name": "הרפובליקה של מרכז אפריקה",
    "iso_code": "cf",
    "phone_code": "236",
    "mask": "+236-__-__-____"
},{
    "name": "קונגו (ברזוויל)",
    "iso_code": "cg",
    "phone_code": "242",
    "mask": "+242-__-___-____"
},{
    "name": "שוויץ",
    "iso_code": "ch",
    "phone_code": "41",
    "mask": "+41-__-___-____"
},{
    "name": "Côte d שנהב",
    "iso_code": "ci",
    "phone_code": "225",
    "mask": "+225-__-___-___"
},{
    "name": "איי קוק",
    "iso_code": "ck",
    "phone_code": "682",
    "mask": "+682-__-___"
},{
    "name": "צ ' ילה",
    "iso_code": "cl",
    "phone_code": "56",
    "mask": "+56-_-____-____"
},{
    "name": "הקמרוני",
    "iso_code": "cm",
    "phone_code": "237",
    "mask": "+237-____-____"
},{
    "name": "סין",
    "iso_code": "cn",
    "phone_code": "86",
    "mask": "+86(___)____-___"
},{
    "name": "קולומביה",
    "iso_code": "co",
    "phone_code": "57",
    "mask": "+57(___)___-____"
},{
    "name": "קוסטה ריקה",
    "iso_code": "cr",
    "phone_code": "506",
    "mask": "+506-____-____"
},{
    "name": "קובה",
    "iso_code": "cu",
    "phone_code": "53",
    "mask": "+53-_-___-____"
},{
    "name": "קייפ ורדה",
    "iso_code": "cv",
    "phone_code": "238",
    "mask": "+238(___)__-__"
},{
    "name": "קוראסאו",
    "iso_code": "cw",
    "phone_code": "599",
    "mask": "+599-___-____"
},{
    "name": "קפריסין",
    "iso_code": "cy",
    "phone_code": "357",
    "mask": "+357-__-___-___"
},{
    "name": "צ ' כיה",
    "iso_code": "cz",
    "phone_code": "420",
    "mask": "+420(___)___-___"
},{
    "name": "גרמניה",
    "iso_code": "de",
    "phone_code": "49",
    "mask": "+49-___-___"
},{
    "name": "ג ' יבוטי",
    "iso_code": "dj",
    "phone_code": "253",
    "mask": "+253-__-__-__-__"
},{
    "name": "דנמרק",
    "iso_code": "dk",
    "phone_code": "45",
    "mask": "+45-__-__-__-__"
},{
    "name": "דומיניקה",
    "iso_code": "dm",
    "phone_code": "1767",
    "mask": "+1(767)___-____"
},{
    "name": "הרפובליקה הדומיניקנית",
    "iso_code": "do",
    "phone_code": "1809",
    "mask": "+1(809)___-____"
},{
    "iso_code": "do",
    "mask": "+1(829)___-____"
},{
    "iso_code": "do",
    "mask": "+1(849)___-____"
},{
    "name": "אלג ' יריה",
    "iso_code": "dz",
    "phone_code": "213",
    "mask": "+213-__-___-____"
},{
    "name": "אקוודור",
    "iso_code": "ec",
    "phone_code": "593",
    "mask": "+593-_-___-____"
},{
    "name": "אסטוניה",
    "iso_code": "ee",
    "phone_code": "372",
    "mask": "+372-___-____"
},{
    "name": "מצרים",
    "iso_code": "eg",
    "phone_code": "20",
    "mask": "+20(___)___-____"
},{
    "name": "אריתריאה",
    "iso_code": "er",
    "phone_code": "291",
    "mask": "+291-_-___-___"
},{
    "name": "ספרד",
    "iso_code": "es",
    "phone_code": "34",
    "mask": "+34(___)___-___"
},{
    "name": "אתיופיה",
    "iso_code": "et",
    "phone_code": "251",
    "mask": "+251-__-___-____"
},{
    "name": "פינלנד",
    "iso_code": "fi",
    "phone_code": "358",
    "mask": "+358(___)___-__-__"
},{
    "name": "פיג ' י",
    "iso_code": "fj",
    "phone_code": "679",
    "mask": "+679-__-_____"
},{
    "name": "איי פוקלנד",
    "iso_code": "fk",
    "phone_code": "500",
    "mask": "+500-_____"
},{
    "name": "פ. ס. של למיקרונזיה",
    "iso_code": "fm",
    "phone_code": "691",
    "mask": "+691-___-____"
},{
    "name": "האיים פארו",
    "iso_code": "fo",
    "phone_code": "298",
    "mask": "+298-___-___"
},{
    "name": "מאיוט",
    "iso_code": "fr",
    "phone_code": "262",
    "mask": "+262-_____-____"
},{
    "name": "צרפת",
    "iso_code": "fr",
    "phone_code": "33",
    "mask": "+33(___)___-___"
},{
    "name": "סן פייר ומיקלון",
    "iso_code": "fr",
    "phone_code": "508",
    "mask": "+508-__-____"
},{
    "name": "גוואדלופ",
    "iso_code": "fr",
    "phone_code": "590",
    "mask": "+590(___)___-___"
},{
    "name": "גבון",
    "iso_code": "ga",
    "phone_code": "241",
    "mask": "+241-_-__-__-__"
},{
    "name": "גרנדה",
    "iso_code": "gd",
    "phone_code": "1473",
    "mask": "+1(473)___-____"
},{
    "name": "ג ' ורג ' יה",
    "iso_code": "ge",
    "phone_code": "995",
    "mask": "+995(___)___-___"
},{
    "name": "FR. גיאנה",
    "iso_code": "gf",
    "phone_code": "594",
    "mask": "+594-_____-____"
},{
    "name": "גאנה",
    "iso_code": "gh",
    "phone_code": "233",
    "mask": "+233(___)___-___"
},{
    "name": "גיברלטר",
    "iso_code": "gi",
    "phone_code": "350",
    "mask": "+350-___-_____"
},{
    "name": "גרינלנד",
    "iso_code": "gl",
    "phone_code": "299",
    "mask": "+299-__-__-__"
},{
    "name": "גמביה",
    "iso_code": "gm",
    "phone_code": "220",
    "mask": "+220(___)__-__"
},{
    "name": "גינאה",
    "iso_code": "gn",
    "phone_code": "224",
    "mask": "+224-__-___-___"
},{
    "name": "גינאה המשוונית",
    "iso_code": "gq",
    "phone_code": "240",
    "mask": "+240-__-___-____"
},{
    "name": "יוון",
    "iso_code": "gr",
    "phone_code": "30",
    "mask": "+30(___)___-____"
},{
    "name": "גואטמלה",
    "iso_code": "gt",
    "phone_code": "502",
    "mask": "+502-_-___-____"
},{
    "name": "גואם",
    "iso_code": "gu",
    "phone_code": "1671",
    "mask": "+1(671)___-____"
},{
    "name": "גינאה-ביסאו",
    "iso_code": "gw",
    "phone_code": "245",
    "mask": "+245-_-______"
},{
    "name": "גיאנה",
    "iso_code": "gy",
    "phone_code": "592",
    "mask": "+592-___-____"
},{
    "name": "הונג קונג",
    "iso_code": "hk",
    "phone_code": "852",
    "mask": "+852-____-____"
},{
    "name": "הונדורס",
    "iso_code": "hn",
    "phone_code": "504",
    "mask": "+504-____-____"
},{
    "name": "קרואטיה",
    "iso_code": "hr",
    "phone_code": "385",
    "mask": "+385-__-___-___"
},{
    "name": "האיטי",
    "iso_code": "ht",
    "phone_code": "509",
    "mask": "+509-__-__-____"
},{
    "name": "הונגריה",
    "iso_code": "hu",
    "phone_code": "36",
    "mask": "+36(___)___-___"
},{
    "name": "אינדונזיה",
    "iso_code": "id",
    "phone_code": "62",
    "mask": "+62-__-___-__"
},{
    "name": "אירלנד",
    "iso_code": "ie",
    "phone_code": "353",
    "mask": "+353(___)___-___"
},{
    "name": "ישראל",
    "iso_code": "il",
    "phone_code": "972",
    "mask": "+972-_-___-____"
},{
    "name": "הודו",
    "iso_code": "in",
    "phone_code": "91",
    "mask": "+91(____)___-___"
},{
    "name": "דייגו גרסיה",
    "iso_code": "io",
    "phone_code": "246",
    "mask": "+246-___-____"
},{
    "name": "עיראק",
    "iso_code": "iq",
    "phone_code": "964",
    "mask": "+964(___)___-____"
},{
    "name": "איראן",
    "iso_code": "ir",
    "phone_code": "98",
    "mask": "+98(___)___-____"
},{
    "name": "איסלנד",
    "iso_code": "is",
    "phone_code": "354",
    "mask": "+354-___-____"
},{
    "name": "איטליה",
    "iso_code": "it",
    "phone_code": "39",
    "mask": "+39(___)____-___"
},{
    "name": "ג ' מייקה",
    "iso_code": "jm",
    "phone_code": "1876",
    "mask": "+1(876)___-____"
},{
    "name": "ג ' ורדן",
    "iso_code": "jo",
    "phone_code": "962",
    "mask": "+962-_-____-____"
},{
    "name": "יפן",
    "iso_code": "jp",
    "phone_code": "81",
    "mask": "+81(___)___-___"
},{
    "name": "קניה",
    "iso_code": "ke",
    "phone_code": "254",
    "mask": "+254-___-______"
},{
    "name": "קירגיזסטן",
    "iso_code": "kg",
    "phone_code": "996",
    "mask": "+996(___)___-___"
},{
    "name": "קמבודיה",
    "iso_code": "kh",
    "phone_code": "855",
    "mask": "+855-__-___-___"
},{
    "name": "קיריבאטי",
    "iso_code": "ki",
    "phone_code": "686",
    "mask": "+686-__-___"
},{
    "name": "איי קומורו",
    "iso_code": "km",
    "phone_code": "269",
    "mask": "+269-__-_____"
},{
    "name": "סנט קיטס ונוויס",
    "iso_code": "kn",
    "phone_code": "1869",
    "mask": "+1(869)___-____"
},{
    "name": "קוריאני PDR",
    "iso_code": "kp",
    "phone_code": "850",
    "mask": "+850-___-___"
},{
    "name": "נציג קוריאה",
    "iso_code": "kr",
    "phone_code": "82",
    "mask": "+82-__-___-____"
},{
    "name": "כווית",
    "iso_code": "kw",
    "phone_code": "965",
    "mask": "+965-____-____"
},{
    "name": "איי קיימן",
    "iso_code": "ky",
    "phone_code": "1345",
    "mask": "+1(345)___-____"
},{
    "name": "קזחסטן",
    "iso_code": "kz",
    "phone_code": "76",
    "mask": "+7(6__)___-__-__"
},{
    "iso_code": "kz",
    "mask": "+7(7__)___-__-__"
},{
    "name": "לאוס",
    "iso_code": "la",
    "phone_code": "856",
    "mask": "+856-__-___-___"
},{
    "name": "לבנון",
    "iso_code": "lb",
    "phone_code": "961",
    "mask": "+961-_-___-___"
},{
    "name": "סנט לוסיה",
    "iso_code": "lc",
    "phone_code": "1758",
    "mask": "+1(758)___-____"
},{
    "name": "ליכטנשטיין",
    "iso_code": "li",
    "phone_code": "423",
    "mask": "+423(___)___-____"
},{
    "name": "סרי לנקה",
    "iso_code": "lk",
    "phone_code": "94",
    "mask": "+94-__-___-____"
},{
    "name": "ליבריה",
    "iso_code": "lr",
    "phone_code": "231",
    "mask": "+231-__-___-___"
},{
    "name": "לסוטו",
    "iso_code": "ls",
    "phone_code": "266",
    "mask": "+266-_-___-____"
},{
    "name": "ליטא",
    "iso_code": "lt",
    "phone_code": "370",
    "mask": "+370(___)__-___"
},{
    "name": "לוקסמבורג",
    "iso_code": "lu",
    "phone_code": "352",
    "mask": "+352(___)___-___"
},{
    "name": "לטביה",
    "iso_code": "lv",
    "phone_code": "371",
    "mask": "+371-__-___-___"
},{
    "name": "לוב",
    "iso_code": "ly",
    "phone_code": "218",
    "mask": "+218-__-___-___"
},{
    "name": "מרוקו",
    "iso_code": "ma",
    "phone_code": "212",
    "mask": "+212-__-____-___"
},{
    "name": "מונקו",
    "iso_code": "mc",
    "phone_code": "377",
    "mask": "+377-__-___-___"
},{
    "name": "מולדובה",
    "iso_code": "md",
    "phone_code": "373",
    "mask": "+373-____-____"
},{
    "name": "מונטנגרו",
    "iso_code": "me",
    "phone_code": "382",
    "mask": "+382-__-___-___"
},{
    "name": "מדגסקר",
    "iso_code": "mg",
    "phone_code": "261",
    "mask": "+261-__-__-_____"
},{
    "name": "איי מרשל",
    "iso_code": "mh",
    "phone_code": "692",
    "mask": "+692-___-____"
},{
    "name": "נציג מקדוניה",
    "iso_code": "mk",
    "phone_code": "389",
    "mask": "+389-__-___-___"
},{
    "name": "מלי",
    "iso_code": "ml",
    "phone_code": "223",
    "mask": "+223-__-__-____"
},{
    "name": "בורמה (מיאנמר)",
    "iso_code": "mm",
    "phone_code": "95",
    "mask": "+95-___-___"
},{
    "name": "מונגוליה",
    "iso_code": "mn",
    "phone_code": "976",
    "mask": "+976-__-__-____"
},{
    "name": "מקאו",
    "iso_code": "mo",
    "phone_code": "853",
    "mask": "+853-____-____"
},{
    "name": "איי מריאנה הצפוניים",
    "iso_code": "mp",
    "phone_code": "1670",
    "mask": "+1(670)___-____"
},{
    "name": "מרטיניק",
    "iso_code": "mq",
    "phone_code": "596",
    "mask": "+596(___)__-__-__"
},{
    "name": "מאוריטניה",
    "iso_code": "mr",
    "phone_code": "222",
    "mask": "+222-__-__-____"
},{
    "name": "מונסראט",
    "iso_code": "ms",
    "phone_code": "1664",
    "mask": "+1(664)___-____"
},{
    "name": "מלטה",
    "iso_code": "mt",
    "phone_code": "356",
    "mask": "+356-____-____"
},{
    "name": "מאוריציוס",
    "iso_code": "mu",
    "phone_code": "230",
    "mask": "+230-___-____"
},{
    "name": "האיים המלדיביים",
    "iso_code": "mv",
    "phone_code": "960",
    "mask": "+960-___-____"
},{
    "name": "מלאווי",
    "iso_code": "mw",
    "phone_code": "265",
    "mask": "+265-_-____-____"
},{
    "name": "מקסיקו",
    "iso_code": "mx",
    "phone_code": "52",
    "mask": "+52-__-__-____"
},{
    "name": "מלזיה",
    "iso_code": "my",
    "phone_code": "60",
    "mask": "+60-_-___-___"
},{
    "name": "מוזמביק",
    "iso_code": "mz",
    "phone_code": "258",
    "mask": "+258-__-___-___"
},{
    "name": "נמיביה",
    "iso_code": "na",
    "phone_code": "264",
    "mask": "+264-__-___-____"
},{
    "name": "קלדוניה החדשה",
    "iso_code": "nc",
    "phone_code": "687",
    "mask": "+687-__-____"
},{
    "name": "ניג ' ר",
    "iso_code": "ne",
    "phone_code": "227",
    "mask": "+227-__-__-____"
},{
    "name": "בנורפוק (אי)",
    "iso_code": "nf",
    "phone_code": "6723",
    "mask": "+672-3__-___"
},{
    "name": "ניגריה",
    "iso_code": "ng",
    "phone_code": "234",
    "mask": "+234-__-___-__"
},{
    "name": "ניקרגואה",
    "iso_code": "ni",
    "phone_code": "505",
    "mask": "+505-____-____"
},{
    "name": "הולנד",
    "iso_code": "nl",
    "phone_code": "31",
    "mask": "+31-__-___-____"
},{
    "name": "נורבגיה",
    "iso_code": "no",
    "phone_code": "47",
    "mask": "+47(___)__-___"
},{
    "name": "נפאל",
    "iso_code": "np",
    "phone_code": "977",
    "mask": "+977-__-___-___"
},{
    "name": "נאורו",
    "iso_code": "nr",
    "phone_code": "674",
    "mask": "+674-___-____"
},{
    "name": "ניואה",
    "iso_code": "nu",
    "phone_code": "683",
    "mask": "+683-____"
},{
    "name": "ניו זילנד",
    "iso_code": "nz",
    "phone_code": "64",
    "mask": "+64-__-___-___"
},{
    "name": "עומאן",
    "iso_code": "om",
    "phone_code": "968",
    "mask": "+968-__-___-___"
},{
    "name": "פנמה",
    "iso_code": "pa",
    "phone_code": "507",
    "mask": "+507-___-____"
},{
    "name": "פרו",
    "iso_code": "pe",
    "phone_code": "51",
    "mask": "+51(___)___-___"
},{
    "name": "פולינזיה הצרפתית (טהיטי)",
    "iso_code": "pf",
    "phone_code": "689",
    "mask": "+689-__-__-__"
},{
    "name": "פפואה גינאה החדשה",
    "iso_code": "pg",
    "phone_code": "675",
    "mask": "+675(___)__-___"
},{
    "name": "פיליפינים",
    "iso_code": "ph",
    "phone_code": "63",
    "mask": "+63(___)___-____"
},{
    "name": "פקיסטן",
    "iso_code": "pk",
    "phone_code": "92",
    "mask": "+92(___)___-____"
},{
    "name": "פולין",
    "iso_code": "pl",
    "phone_code": "48",
    "mask": "+48(___)___-___"
},{
    "name": "פלסטין",
    "iso_code": "ps",
    "phone_code": "970",
    "mask": "+970-__-___-____"
},{
    "name": "פורטוגל",
    "iso_code": "pt",
    "phone_code": "351",
    "mask": "+351-__-___-____"
},{
    "name": "פלאו",
    "iso_code": "pw",
    "phone_code": "680",
    "mask": "+680-___-____"
},{
    "name": "פרגוואי",
    "iso_code": "py",
    "phone_code": "595",
    "mask": "+595(___)___-___"
},{
    "name": "קטאר",
    "iso_code": "qa",
    "phone_code": "974",
    "mask": "+974-____-____"
},{
    "name": "איחוד",
    "iso_code": "re",
    "phone_code": "262",
    "mask": "+262-_____-____"
},{
    "name": "רומניה",
    "iso_code": "ro",
    "phone_code": "40",
    "mask": "+40-__-___-____"
},{
    "name": "סרביה",
    "iso_code": "rs",
    "phone_code": "381",
    "mask": "+381-__-___-____"
},{
    "name": "רוסיה",
    "iso_code": "ru",
    "phone_code": "7",
    "mask": "+7(___)___-__-__"
},{
    "name": "רואנדה",
    "iso_code": "rw",
    "phone_code": "250",
    "mask": "+250(___)___-___"
},{
    "name": "ערב הסעודית",
    "iso_code": "sa",
    "phone_code": "966",
    "mask": "+966-_-___-____"
},{
    "name": "איי שלמה",
    "iso_code": "sb",
    "phone_code": "677",
    "mask": "+677-_____"
},{
    "name": "איי סיישל",
    "iso_code": "sc",
    "phone_code": "248",
    "mask": "+248-_-___-___"
},{
    "name": "סודן",
    "iso_code": "sd",
    "phone_code": "249",
    "mask": "+249-__-___-____"
},{
    "name": "שוודיה",
    "iso_code": "se",
    "phone_code": "46",
    "mask": "+46-__-___-____"
},{
    "name": "סינגפור",
    "iso_code": "sg",
    "phone_code": "65",
    "mask": "+65-____-____"
},{
    "name": "סלובניה",
    "iso_code": "si",
    "phone_code": "386",
    "mask": "+386-__-___-___"
},{
    "name": "סלובקיה",
    "iso_code": "sk",
    "phone_code": "421",
    "mask": "+421(___)___-___"
},{
    "name": "סיירה לאונה",
    "iso_code": "sl",
    "phone_code": "232",
    "mask": "+232-__-______"
},{
    "name": "סן מרינו",
    "iso_code": "sm",
    "phone_code": "378",
    "mask": "+378-____-______"
},{
    "name": "סנגל",
    "iso_code": "sn",
    "phone_code": "221",
    "mask": "+221-__-___-____"
},{
    "name": "סומליה",
    "iso_code": "so",
    "phone_code": "252",
    "mask": "+252-_-___-___"
},{
    "name": "סורינאם",
    "iso_code": "sr",
    "phone_code": "597",
    "mask": "+597-___-___"
},{
    "name": "דרום סודאן",
    "iso_code": "ss",
    "phone_code": "211",
    "mask": "+211-__-___-____"
},{
    "name": "סאו טומה ופרינסיפה",
    "iso_code": "st",
    "phone_code": "239",
    "mask": "+239-__-_____"
},{
    "name": "סלבדור",
    "iso_code": "sv",
    "phone_code": "503",
    "mask": "+503-__-__-____"
},{
    "name": "Sint-מארטן",
    "iso_code": "sx",
    "phone_code": "1721",
    "mask": "+1(721)___-____"
},{
    "name": "הרפובליקה הערבית הסורית",
    "iso_code": "sy",
    "phone_code": "963",
    "mask": "+963-__-____-___"
},{
    "name": "סווזילנד",
    "iso_code": "sz",
    "phone_code": "268",
    "mask": "+268-__-__-____"
},{
    "name": "איי טרקס וקייקוס",
    "iso_code": "tc",
    "phone_code": "1649",
    "mask": "+1(649)___-____"
},{
    "name": "צ ' אד",
    "iso_code": "td",
    "phone_code": "235",
    "mask": "+235-__-__-__-__"
},{
    "name": "ב",
    "iso_code": "tg",
    "phone_code": "228",
    "mask": "+228-__-___-___"
},{
    "name": "תאילנד",
    "iso_code": "th",
    "phone_code": "66",
    "mask": "+66-__-___-___"
},{
    "name": "טג ' יקיסטן",
    "iso_code": "tj",
    "phone_code": "992",
    "mask": "+992-__-___-____"
},{
    "name": "טוקלאו",
    "iso_code": "tk",
    "phone_code": "690",
    "mask": "+690-____"
},{
    "name": "מזרח טימור",
    "iso_code": "tl",
    "phone_code": "670",
    "mask": "+670-___-____"
},{
    "name": "טורקמניסטן",
    "iso_code": "tm",
    "phone_code": "993",
    "mask": "+993-_-___-____"
},{
    "name": "תוניסיה",
    "iso_code": "tn",
    "phone_code": "216",
    "mask": "+216-__-___-___"
},{
    "name": "טונגה",
    "iso_code": "to",
    "phone_code": "676",
    "mask": "+676-_____"
},{
    "name": "טורקיה",
    "iso_code": "tr",
    "phone_code": "90",
    "mask": "+90(___)___-____"
},{
    "name": "טרינידד וטובגו",
    "iso_code": "tt",
    "phone_code": "1868",
    "mask": "+1(868)___-____"
},{
    "name": "טובאלו",
    "iso_code": "tv",
    "phone_code": "688",
    "mask": "+688-_____"
},{
    "name": "טייוואן",
    "iso_code": "tw",
    "phone_code": "886",
    "mask": "+886-____-____"
},{
    "name": "טנזניה",
    "iso_code": "tz",
    "phone_code": "255",
    "mask": "+255-__-___-____"
},{
    "name": "אוקראינה",
    "iso_code": "ua",
    "phone_code": "380",
    "mask": "+380(__)___-__-__"
},{
    "name": "אוגנדה",
    "iso_code": "ug",
    "phone_code": "256",
    "mask": "+256(___)___-___"
},{
    "name": "בריטניה",
    "iso_code": "gb",
    "phone_code": "44",
    "mask": "+44-__-____-____"
},{
    "name": "אורוגוואי",
    "iso_code": "uy",
    "phone_code": "598",
    "mask": "+598-_-___-__-__"
},{
    "name": "אוזבקיסטן",
    "iso_code": "uz",
    "phone_code": "998",
    "mask": "+998-__-___-____"
},{
    "name": "הוותיקן",
    "iso_code": "va",
    "phone_code": "396698",
    "mask": "+39-6-698-_____"
},{
    "name": "סנט וינסנט והגרנדינים",
    "iso_code": "vc",
    "phone_code": "1784",
    "mask": "+1(784)___-____"
},{
    "name": "ונצואלה",
    "iso_code": "ve",
    "phone_code": "58",
    "mask": "+58(___)___-____"
},{
    "name": "איי הבתולה (הבריטית)",
    "iso_code": "vg",
    "phone_code": "1284",
    "mask": "+1(284)___-____"
},{
    "name": "איי הבתולה (אמריקה)",
    "iso_code": "vi",
    "phone_code": "1340",
    "mask": "+1(340)___-____"
},{
    "name": "וייטנאם",
    "iso_code": "vn",
    "phone_code": "84",
    "mask": "+84-__-____-___"
},{
    "name": "ונואטו",
    "iso_code": "vu",
    "phone_code": "678",
    "mask": "+678-_____"
},{
    "name": "ואליס ופוטונה",
    "iso_code": "wf",
    "phone_code": "681",
    "mask": "+681-__-____"
},{
    "name": "סמואה",
    "iso_code": "ws",
    "phone_code": "685",
    "mask": "+685-__-____"
},{
    "name": "תימן",
    "iso_code": "ye",
    "phone_code": "967",
    "mask": "+967-_-___-___"
},{
    "name": "בדרום אפריקה נציג.",
    "iso_code": "za",
    "phone_code": "27",
    "mask": "+27-__-___-____"
},{
    "name": "זמביה",
    "iso_code": "zm",
    "phone_code": "260",
    "mask": "+260-__-___-____"
},{
    "name": "זימבבואה",
    "iso_code": "zw",
    "phone_code": "263",
    "mask": "+263-_-______"
},{
    "name": "קנדה",
    "iso_code": "ca",
    "phone_code": "1",
    "mask": "+1(___)___-____"
},{
    "name": "ארצות הברית",
    "iso_code": "us",
    "phone_code": "1",
    "mask": "+1(___)___-____"
}]