[{
    "name": "Ilha De Ascensão",
    "iso_code": "ac",
    "phone_code": "247",
    "mask": "+247-____"
},{
    "name": "Andorra",
    "iso_code": "ad",
    "phone_code": "376",
    "mask": "+376-___-___"
},{
    "name": "Árabes Unidos",
    "iso_code": "ae",
    "phone_code": "971",
    "mask": "+971-_-___-____"
},{
    "name": "Afeganistão",
    "iso_code": "af",
    "phone_code": "93",
    "mask": "+93-__-___-____"
},{
    "name": "Antígua e Barbuda",
    "iso_code": "ag",
    "phone_code": "1268",
    "mask": "+1(268)___-____"
},{
    "name": "Anguilla",
    "iso_code": "ai",
    "phone_code": "1264",
    "mask": "+1(264)___-____"
},{
    "name": "Albânia",
    "iso_code": "al",
    "phone_code": "355",
    "mask": "+355(___)___-___"
},{
    "name": "Arménia",
    "iso_code": "am",
    "phone_code": "374",
    "mask": "+374-__-___-___"
},{
    "name": "O Caribe Holanda",
    "iso_code": "bq",
    "phone_code": "599",
    "mask": "+599-___-____"
},{
    "name": "Angola",
    "iso_code": "ao",
    "phone_code": "244",
    "mask": "+244(___)___-___"
},{
    "name": "Antártica",
    "iso_code": "aq",
    "phone_code": "6721",
    "mask": "+672-1__-___"
},{
    "name": "Argentina",
    "iso_code": "ar",
    "phone_code": "54",
    "mask": "+54(___)___-____"
},{
    "name": "Samoa Americana",
    "iso_code": "as",
    "phone_code": "1684",
    "mask": "+1(684)___-____"
},{
    "name": "Áustria",
    "iso_code": "at",
    "phone_code": "43",
    "mask": "+43(___)___-____"
},{
    "name": "Austrália",
    "iso_code": "au",
    "phone_code": "61",
    "mask": "+61-_-____-____"
},{
    "name": "Aruba",
    "iso_code": "aw",
    "phone_code": "297",
    "mask": "+297-___-____"
},{
    "name": "Azerbaijão",
    "iso_code": "az",
    "phone_code": "994",
    "mask": "+994-__-___-__-__"
},{
    "name": "Bósnia e Herzegovina",
    "iso_code": "ba",
    "phone_code": "387",
    "mask": "+387-__-____"
},{
    "name": "Barbados",
    "iso_code": "bb",
    "phone_code": "1246",
    "mask": "+1(246)___-____"
},{
    "name": "Bangladesh",
    "iso_code": "bd",
    "phone_code": "880",
    "mask": "+880-__-___-___"
},{
    "name": "Bélgica",
    "iso_code": "be",
    "phone_code": "32",
    "mask": "+32(___)___-___"
},{
    "name": "Burkina Faso",
    "iso_code": "bf",
    "phone_code": "226",
    "mask": "+226-__-__-____"
},{
    "name": "Bulgária",
    "iso_code": "bg",
    "phone_code": "359",
    "mask": "+359(___)___-___"
},{
    "name": "Bahrein",
    "iso_code": "bh",
    "phone_code": "973",
    "mask": "+973-____-____"
},{
    "name": "Burundi",
    "iso_code": "bi",
    "phone_code": "257",
    "mask": "+257-__-__-____"
},{
    "name": "Benin",
    "iso_code": "bj",
    "phone_code": "229",
    "mask": "+229-__-__-____"
},{
    "name": "Bermudas",
    "iso_code": "bm",
    "phone_code": "1441",
    "mask": "+1(441)___-____"
},{
    "name": "Brunei Darussalam",
    "iso_code": "bn",
    "phone_code": "673",
    "mask": "+673-___-____"
},{
    "name": "Bolívia",
    "iso_code": "bo",
    "phone_code": "591",
    "mask": "+591-_-___-____"
},{
    "name": "Brasil",
    "iso_code": "br",
    "phone_code": "55",
    "mask": "+55-__-____-____"
},{
    "name": "Bahamas",
    "iso_code": "bs",
    "phone_code": "1242",
    "mask": "+1(242)___-____"
},{
    "name": "Butão",
    "iso_code": "bt",
    "phone_code": "975",
    "mask": "+975-_-___-___"
},{
    "name": "Botsuana",
    "iso_code": "bw",
    "phone_code": "267",
    "mask": "+267-__-___-___"
},{
    "name": "Bielo-rússia",
    "iso_code": "by",
    "phone_code": "375",
    "mask": "+375(__)___-__-__"
},{
    "name": "Belize",
    "iso_code": "bz",
    "phone_code": "501",
    "mask": "+501-___-____"
},{
    "name": "Congo (Kinshasa)",
    "iso_code": "cd",
    "phone_code": "243",
    "mask": "+243(___)___-___"
},{
    "name": "A República Centro-Africana",
    "iso_code": "cf",
    "phone_code": "236",
    "mask": "+236-__-__-____"
},{
    "name": "Congo (Brazzaville)",
    "iso_code": "cg",
    "phone_code": "242",
    "mask": "+242-__-___-____"
},{
    "name": "Suíça",
    "iso_code": "ch",
    "phone_code": "41",
    "mask": "+41-__-___-____"
},{
    "name": "Costa do marfim",
    "iso_code": "ci",
    "phone_code": "225",
    "mask": "+225-__-___-___"
},{
    "name": "Ilhas Cook",
    "iso_code": "ck",
    "phone_code": "682",
    "mask": "+682-__-___"
},{
    "name": "Chile",
    "iso_code": "cl",
    "phone_code": "56",
    "mask": "+56-_-____-____"
},{
    "name": "Camarões",
    "iso_code": "cm",
    "phone_code": "237",
    "mask": "+237-____-____"
},{
    "name": "China",
    "iso_code": "cn",
    "phone_code": "86",
    "mask": "+86(___)____-___"
},{
    "name": "Colômbia",
    "iso_code": "co",
    "phone_code": "57",
    "mask": "+57(___)___-____"
},{
    "name": "Costa Rica",
    "iso_code": "cr",
    "phone_code": "506",
    "mask": "+506-____-____"
},{
    "name": "Cuba",
    "iso_code": "cu",
    "phone_code": "53",
    "mask": "+53-_-___-____"
},{
    "name": "Cabo Verde",
    "iso_code": "cv",
    "phone_code": "238",
    "mask": "+238(___)__-__"
},{
    "name": "Curaçao",
    "iso_code": "cw",
    "phone_code": "599",
    "mask": "+599-___-____"
},{
    "name": "Chipre",
    "iso_code": "cy",
    "phone_code": "357",
    "mask": "+357-__-___-___"
},{
    "name": "República checa",
    "iso_code": "cz",
    "phone_code": "420",
    "mask": "+420(___)___-___"
},{
    "name": "Alemanha",
    "iso_code": "de",
    "phone_code": "49",
    "mask": "+49-___-___"
},{
    "name": "Djibuti",
    "iso_code": "dj",
    "phone_code": "253",
    "mask": "+253-__-__-__-__"
},{
    "name": "Dinamarca",
    "iso_code": "dk",
    "phone_code": "45",
    "mask": "+45-__-__-__-__"
},{
    "name": "Dominica",
    "iso_code": "dm",
    "phone_code": "1767",
    "mask": "+1(767)___-____"
},{
    "name": "A República Dominicana",
    "iso_code": "do",
    "phone_code": "1809",
    "mask": "+1(809)___-____"
},{
    "iso_code": "do",
    "mask": "+1(829)___-____"
},{
    "iso_code": "do",
    "mask": "+1(849)___-____"
},{
    "name": "Argélia",
    "iso_code": "dz",
    "phone_code": "213",
    "mask": "+213-__-___-____"
},{
    "name": "Equador",
    "iso_code": "ec",
    "phone_code": "593",
    "mask": "+593-_-___-____"
},{
    "name": "Estónia",
    "iso_code": "ee",
    "phone_code": "372",
    "mask": "+372-___-____"
},{
    "name": "Egito",
    "iso_code": "eg",
    "phone_code": "20",
    "mask": "+20(___)___-____"
},{
    "name": "Eritreia",
    "iso_code": "er",
    "phone_code": "291",
    "mask": "+291-_-___-___"
},{
    "name": "Espanha",
    "iso_code": "es",
    "phone_code": "34",
    "mask": "+34(___)___-___"
},{
    "name": "Etiópia",
    "iso_code": "et",
    "phone_code": "251",
    "mask": "+251-__-___-____"
},{
    "name": "Finlândia",
    "iso_code": "fi",
    "phone_code": "358",
    "mask": "+358(___)___-__-__"
},{
    "name": "Fiji",
    "iso_code": "fj",
    "phone_code": "679",
    "mask": "+679-__-_____"
},{
    "name": "Ilhas malvinas",
    "iso_code": "fk",
    "phone_code": "500",
    "mask": "+500-_____"
},{
    "name": "Ф. Ш. Micronésia",
    "iso_code": "fm",
    "phone_code": "691",
    "mask": "+691-___-____"
},{
    "name": "Ilhas faroe",
    "iso_code": "fo",
    "phone_code": "298",
    "mask": "+298-___-___"
},{
    "name": "Mayotte",
    "iso_code": "fr",
    "phone_code": "262",
    "mask": "+262-_____-____"
},{
    "name": "França",
    "iso_code": "fr",
    "phone_code": "33",
    "mask": "+33(___)___-___"
},{
    "name": "Saint-Pierre e Miquelon",
    "iso_code": "fr",
    "phone_code": "508",
    "mask": "+508-__-____"
},{
    "name": "Guadalupe",
    "iso_code": "fr",
    "phone_code": "590",
    "mask": "+590(___)___-___"
},{
    "name": "Gabão",
    "iso_code": "ga",
    "phone_code": "241",
    "mask": "+241-_-__-__-__"
},{
    "name": "Granada",
    "iso_code": "gd",
    "phone_code": "1473",
    "mask": "+1(473)___-____"
},{
    "name": "Geórgia",
    "iso_code": "ge",
    "phone_code": "995",
    "mask": "+995(___)___-___"
},{
    "name": "O padre. Guiana",
    "iso_code": "gf",
    "phone_code": "594",
    "mask": "+594-_____-____"
},{
    "name": "Gana",
    "iso_code": "gh",
    "phone_code": "233",
    "mask": "+233(___)___-___"
},{
    "name": "Gibraltar",
    "iso_code": "gi",
    "phone_code": "350",
    "mask": "+350-___-_____"
},{
    "name": "Gronelândia",
    "iso_code": "gl",
    "phone_code": "299",
    "mask": "+299-__-__-__"
},{
    "name": "Gâmbia",
    "iso_code": "gm",
    "phone_code": "220",
    "mask": "+220(___)__-__"
},{
    "name": "Guiné",
    "iso_code": "gn",
    "phone_code": "224",
    "mask": "+224-__-___-___"
},{
    "name": "Guiné Equatorial",
    "iso_code": "gq",
    "phone_code": "240",
    "mask": "+240-__-___-____"
},{
    "name": "Grécia",
    "iso_code": "gr",
    "phone_code": "30",
    "mask": "+30(___)___-____"
},{
    "name": "Guatemala",
    "iso_code": "gt",
    "phone_code": "502",
    "mask": "+502-_-___-____"
},{
    "name": "Guam",
    "iso_code": "gu",
    "phone_code": "1671",
    "mask": "+1(671)___-____"
},{
    "name": "Guiné-Bissau",
    "iso_code": "gw",
    "phone_code": "245",
    "mask": "+245-_-______"
},{
    "name": "Guiana",
    "iso_code": "gy",
    "phone_code": "592",
    "mask": "+592-___-____"
},{
    "name": "Hong kong",
    "iso_code": "hk",
    "phone_code": "852",
    "mask": "+852-____-____"
},{
    "name": "Honduras",
    "iso_code": "hn",
    "phone_code": "504",
    "mask": "+504-____-____"
},{
    "name": "Croácia",
    "iso_code": "hr",
    "phone_code": "385",
    "mask": "+385-__-___-___"
},{
    "name": "Haiti",
    "iso_code": "ht",
    "phone_code": "509",
    "mask": "+509-__-__-____"
},{
    "name": "Hungria",
    "iso_code": "hu",
    "phone_code": "36",
    "mask": "+36(___)___-___"
},{
    "name": "Indonésia",
    "iso_code": "id",
    "phone_code": "62",
    "mask": "+62-__-___-__"
},{
    "name": "Irlanda",
    "iso_code": "ie",
    "phone_code": "353",
    "mask": "+353(___)___-___"
},{
    "name": "Israel",
    "iso_code": "il",
    "phone_code": "972",
    "mask": "+972-_-___-____"
},{
    "name": "Índia",
    "iso_code": "in",
    "phone_code": "91",
    "mask": "+91(____)___-___"
},{
    "name": "Diego Garcia",
    "iso_code": "io",
    "phone_code": "246",
    "mask": "+246-___-____"
},{
    "name": "Iraque",
    "iso_code": "iq",
    "phone_code": "964",
    "mask": "+964(___)___-____"
},{
    "name": "Irão",
    "iso_code": "ir",
    "phone_code": "98",
    "mask": "+98(___)___-____"
},{
    "name": "Islândia",
    "iso_code": "is",
    "phone_code": "354",
    "mask": "+354-___-____"
},{
    "name": "Itália",
    "iso_code": "it",
    "phone_code": "39",
    "mask": "+39(___)____-___"
},{
    "name": "Jamaica",
    "iso_code": "jm",
    "phone_code": "1876",
    "mask": "+1(876)___-____"
},{
    "name": "Jordânia",
    "iso_code": "jo",
    "phone_code": "962",
    "mask": "+962-_-____-____"
},{
    "name": "Japão",
    "iso_code": "jp",
    "phone_code": "81",
    "mask": "+81(___)___-___"
},{
    "name": "Quênia",
    "iso_code": "ke",
    "phone_code": "254",
    "mask": "+254-___-______"
},{
    "name": "Rússia",
    "iso_code": "kg",
    "phone_code": "996",
    "mask": "+996(___)___-___"
},{
    "name": "Camboja",
    "iso_code": "kh",
    "phone_code": "855",
    "mask": "+855-__-___-___"
},{
    "name": "Kiribati",
    "iso_code": "ki",
    "phone_code": "686",
    "mask": "+686-__-___"
},{
    "name": "Коморы",
    "iso_code": "km",
    "phone_code": "269",
    "mask": "+269-__-_____"
},{
    "name": "São Cristóvão e Névis",
    "iso_code": "kn",
    "phone_code": "1869",
    "mask": "+1(869)___-____"
},{
    "name": "Coreano do PDR",
    "iso_code": "kp",
    "phone_code": "850",
    "mask": "+850-___-___"
},{
    "name": "Resp. Coreia",
    "iso_code": "kr",
    "phone_code": "82",
    "mask": "+82-__-___-____"
},{
    "name": "Kuwait",
    "iso_code": "kw",
    "phone_code": "965",
    "mask": "+965-____-____"
},{
    "name": "Ilhas cayman",
    "iso_code": "ky",
    "phone_code": "1345",
    "mask": "+1(345)___-____"
},{
    "name": "Cazaquistão",
    "iso_code": "kz",
    "phone_code": "76",
    "mask": "+7(6__)___-__-__"
},{
    "iso_code": "kz",
    "mask": "+7(7__)___-__-__"
},{
    "name": "Laos",
    "iso_code": "la",
    "phone_code": "856",
    "mask": "+856-__-___-___"
},{
    "name": "Líbano",
    "iso_code": "lb",
    "phone_code": "961",
    "mask": "+961-_-___-___"
},{
    "name": "Santa Lúcia",
    "iso_code": "lc",
    "phone_code": "1758",
    "mask": "+1(758)___-____"
},{
    "name": "Liechtenstein",
    "iso_code": "li",
    "phone_code": "423",
    "mask": "+423(___)___-____"
},{
    "name": "O Sri Lanka",
    "iso_code": "lk",
    "phone_code": "94",
    "mask": "+94-__-___-____"
},{
    "name": "A libéria",
    "iso_code": "lr",
    "phone_code": "231",
    "mask": "+231-__-___-___"
},{
    "name": "Lesoto",
    "iso_code": "ls",
    "phone_code": "266",
    "mask": "+266-_-___-____"
},{
    "name": "Lituânia",
    "iso_code": "lt",
    "phone_code": "370",
    "mask": "+370(___)__-___"
},{
    "name": "Luxemburgo",
    "iso_code": "lu",
    "phone_code": "352",
    "mask": "+352(___)___-___"
},{
    "name": "Letónia",
    "iso_code": "lv",
    "phone_code": "371",
    "mask": "+371-__-___-___"
},{
    "name": "Líbia",
    "iso_code": "ly",
    "phone_code": "218",
    "mask": "+218-__-___-___"
},{
    "name": "Marrocos",
    "iso_code": "ma",
    "phone_code": "212",
    "mask": "+212-__-____-___"
},{
    "name": "Mônaco",
    "iso_code": "mc",
    "phone_code": "377",
    "mask": "+377-__-___-___"
},{
    "name": "Moldávia",
    "iso_code": "md",
    "phone_code": "373",
    "mask": "+373-____-____"
},{
    "name": "Montenegro",
    "iso_code": "me",
    "phone_code": "382",
    "mask": "+382-__-___-___"
},{
    "name": "Madagascar",
    "iso_code": "mg",
    "phone_code": "261",
    "mask": "+261-__-__-_____"
},{
    "name": "Ilhas Marshall",
    "iso_code": "mh",
    "phone_code": "692",
    "mask": "+692-___-____"
},{
    "name": "Resp. Macedónia",
    "iso_code": "mk",
    "phone_code": "389",
    "mask": "+389-__-___-___"
},{
    "name": "Mali",
    "iso_code": "ml",
    "phone_code": "223",
    "mask": "+223-__-__-____"
},{
    "name": "A Birmânia (Mianmar)",
    "iso_code": "mm",
    "phone_code": "95",
    "mask": "+95-___-___"
},{
    "name": "Mongólia",
    "iso_code": "mn",
    "phone_code": "976",
    "mask": "+976-__-__-____"
},{
    "name": "Macau",
    "iso_code": "mo",
    "phone_code": "853",
    "mask": "+853-____-____"
},{
    "name": "Ilhas marianas do norte",
    "iso_code": "mp",
    "phone_code": "1670",
    "mask": "+1(670)___-____"
},{
    "name": "Martinica",
    "iso_code": "mq",
    "phone_code": "596",
    "mask": "+596(___)__-__-__"
},{
    "name": "Mauritânia",
    "iso_code": "mr",
    "phone_code": "222",
    "mask": "+222-__-__-____"
},{
    "name": "Montserrat",
    "iso_code": "ms",
    "phone_code": "1664",
    "mask": "+1(664)___-____"
},{
    "name": "Malta",
    "iso_code": "mt",
    "phone_code": "356",
    "mask": "+356-____-____"
},{
    "name": "Maurício",
    "iso_code": "mu",
    "phone_code": "230",
    "mask": "+230-___-____"
},{
    "name": "Ilhas maldivas",
    "iso_code": "mv",
    "phone_code": "960",
    "mask": "+960-___-____"
},{
    "name": "Malawi",
    "iso_code": "mw",
    "phone_code": "265",
    "mask": "+265-_-____-____"
},{
    "name": "México",
    "iso_code": "mx",
    "phone_code": "52",
    "mask": "+52-__-__-____"
},{
    "name": "Malásia",
    "iso_code": "my",
    "phone_code": "60",
    "mask": "+60-_-___-___"
},{
    "name": "Moçambique",
    "iso_code": "mz",
    "phone_code": "258",
    "mask": "+258-__-___-___"
},{
    "name": "Namíbia",
    "iso_code": "na",
    "phone_code": "264",
    "mask": "+264-__-___-____"
},{
    "name": "Nova Caledônia",
    "iso_code": "nc",
    "phone_code": "687",
    "mask": "+687-__-____"
},{
    "name": "Níger",
    "iso_code": "ne",
    "phone_code": "227",
    "mask": "+227-__-__-____"
},{
    "name": "Norfolk (ilha)",
    "iso_code": "nf",
    "phone_code": "6723",
    "mask": "+672-3__-___"
},{
    "name": "Nigéria",
    "iso_code": "ng",
    "phone_code": "234",
    "mask": "+234-__-___-__"
},{
    "name": "Nicarágua",
    "iso_code": "ni",
    "phone_code": "505",
    "mask": "+505-____-____"
},{
    "name": "Holanda",
    "iso_code": "nl",
    "phone_code": "31",
    "mask": "+31-__-___-____"
},{
    "name": "Noruega",
    "iso_code": "no",
    "phone_code": "47",
    "mask": "+47(___)__-___"
},{
    "name": "Nepal",
    "iso_code": "np",
    "phone_code": "977",
    "mask": "+977-__-___-___"
},{
    "name": "Nauru",
    "iso_code": "nr",
    "phone_code": "674",
    "mask": "+674-___-____"
},{
    "name": "Niue",
    "iso_code": "nu",
    "phone_code": "683",
    "mask": "+683-____"
},{
    "name": "Nova Zelândia",
    "iso_code": "nz",
    "phone_code": "64",
    "mask": "+64-__-___-___"
},{
    "name": "Omã",
    "iso_code": "om",
    "phone_code": "968",
    "mask": "+968-__-___-___"
},{
    "name": "Panamá",
    "iso_code": "pa",
    "phone_code": "507",
    "mask": "+507-___-____"
},{
    "name": "Peru",
    "iso_code": "pe",
    "phone_code": "51",
    "mask": "+51(___)___-___"
},{
    "name": "Polinésia Francesa (Tahiti)",
    "iso_code": "pf",
    "phone_code": "689",
    "mask": "+689-__-__-__"
},{
    "name": "Papua-Nova Guiné",
    "iso_code": "pg",
    "phone_code": "675",
    "mask": "+675(___)__-___"
},{
    "name": "Filipinas",
    "iso_code": "ph",
    "phone_code": "63",
    "mask": "+63(___)___-____"
},{
    "name": "Paquistão",
    "iso_code": "pk",
    "phone_code": "92",
    "mask": "+92(___)___-____"
},{
    "name": "Polónia",
    "iso_code": "pl",
    "phone_code": "48",
    "mask": "+48(___)___-___"
},{
    "name": "Palestina",
    "iso_code": "ps",
    "phone_code": "970",
    "mask": "+970-__-___-____"
},{
    "name": "Portugal",
    "iso_code": "pt",
    "phone_code": "351",
    "mask": "+351-__-___-____"
},{
    "name": "Palau",
    "iso_code": "pw",
    "phone_code": "680",
    "mask": "+680-___-____"
},{
    "name": "Paraguai",
    "iso_code": "py",
    "phone_code": "595",
    "mask": "+595(___)___-___"
},{
    "name": "Catar",
    "iso_code": "qa",
    "phone_code": "974",
    "mask": "+974-____-____"
},{
    "name": "Reunião",
    "iso_code": "re",
    "phone_code": "262",
    "mask": "+262-_____-____"
},{
    "name": "Roménia",
    "iso_code": "ro",
    "phone_code": "40",
    "mask": "+40-__-___-____"
},{
    "name": "Sérvia",
    "iso_code": "rs",
    "phone_code": "381",
    "mask": "+381-__-___-____"
},{
    "name": "Rússia",
    "iso_code": "ru",
    "phone_code": "7",
    "mask": "+7(___)___-__-__"
},{
    "name": "Ruanda",
    "iso_code": "rw",
    "phone_code": "250",
    "mask": "+250(___)___-___"
},{
    "name": "Arábia Saudita",
    "iso_code": "sa",
    "phone_code": "966",
    "mask": "+966-_-___-____"
},{
    "name": "Ilhas Salomão",
    "iso_code": "sb",
    "phone_code": "677",
    "mask": "+677-_____"
},{
    "name": "Seychelles",
    "iso_code": "sc",
    "phone_code": "248",
    "mask": "+248-_-___-___"
},{
    "name": "Sudão",
    "iso_code": "sd",
    "phone_code": "249",
    "mask": "+249-__-___-____"
},{
    "name": "Suécia",
    "iso_code": "se",
    "phone_code": "46",
    "mask": "+46-__-___-____"
},{
    "name": "Singapura",
    "iso_code": "sg",
    "phone_code": "65",
    "mask": "+65-____-____"
},{
    "name": "Eslovénia",
    "iso_code": "si",
    "phone_code": "386",
    "mask": "+386-__-___-___"
},{
    "name": "Eslováquia",
    "iso_code": "sk",
    "phone_code": "421",
    "mask": "+421(___)___-___"
},{
    "name": "Serra Leoa",
    "iso_code": "sl",
    "phone_code": "232",
    "mask": "+232-__-______"
},{
    "name": "San Marino",
    "iso_code": "sm",
    "phone_code": "378",
    "mask": "+378-____-______"
},{
    "name": "Senegal",
    "iso_code": "sn",
    "phone_code": "221",
    "mask": "+221-__-___-____"
},{
    "name": "Somália",
    "iso_code": "so",
    "phone_code": "252",
    "mask": "+252-_-___-___"
},{
    "name": "Suriname",
    "iso_code": "sr",
    "phone_code": "597",
    "mask": "+597-___-___"
},{
    "name": "Sudão Do Sul",
    "iso_code": "ss",
    "phone_code": "211",
    "mask": "+211-__-___-____"
},{
    "name": "São Tomé e Príncipe",
    "iso_code": "st",
    "phone_code": "239",
    "mask": "+239-__-_____"
},{
    "name": "Salvador",
    "iso_code": "sv",
    "phone_code": "503",
    "mask": "+503-__-__-____"
},{
    "name": "Sint Maarten",
    "iso_code": "sx",
    "phone_code": "1721",
    "mask": "+1(721)___-____"
},{
    "name": "República árabe da síria",
    "iso_code": "sy",
    "phone_code": "963",
    "mask": "+963-__-____-___"
},{
    "name": "Suazilândia",
    "iso_code": "sz",
    "phone_code": "268",
    "mask": "+268-__-__-____"
},{
    "name": "Ilhas turcas e Caicos",
    "iso_code": "tc",
    "phone_code": "1649",
    "mask": "+1(649)___-____"
},{
    "name": "Chade",
    "iso_code": "td",
    "phone_code": "235",
    "mask": "+235-__-__-__-__"
},{
    "name": "O",
    "iso_code": "tg",
    "phone_code": "228",
    "mask": "+228-__-___-___"
},{
    "name": "Tailândia",
    "iso_code": "th",
    "phone_code": "66",
    "mask": "+66-__-___-___"
},{
    "name": "Tajiquistão",
    "iso_code": "tj",
    "phone_code": "992",
    "mask": "+992-__-___-____"
},{
    "name": "Tokelau",
    "iso_code": "tk",
    "phone_code": "690",
    "mask": "+690-____"
},{
    "name": "Timor-Leste",
    "iso_code": "tl",
    "phone_code": "670",
    "mask": "+670-___-____"
},{
    "name": "Turquemenistão",
    "iso_code": "tm",
    "phone_code": "993",
    "mask": "+993-_-___-____"
},{
    "name": "Tunísia",
    "iso_code": "tn",
    "phone_code": "216",
    "mask": "+216-__-___-___"
},{
    "name": "Tonga",
    "iso_code": "to",
    "phone_code": "676",
    "mask": "+676-_____"
},{
    "name": "Turquia",
    "iso_code": "tr",
    "phone_code": "90",
    "mask": "+90(___)___-____"
},{
    "name": "O dólar de trindade e Tobago",
    "iso_code": "tt",
    "phone_code": "1868",
    "mask": "+1(868)___-____"
},{
    "name": "Tuvalu",
    "iso_code": "tv",
    "phone_code": "688",
    "mask": "+688-_____"
},{
    "name": "Taiwan",
    "iso_code": "tw",
    "phone_code": "886",
    "mask": "+886-____-____"
},{
    "name": "Tanzânia",
    "iso_code": "tz",
    "phone_code": "255",
    "mask": "+255-__-___-____"
},{
    "name": "Ucrânia",
    "iso_code": "ua",
    "phone_code": "380",
    "mask": "+380(__)___-__-__"
},{
    "name": "Uganda",
    "iso_code": "ug",
    "phone_code": "256",
    "mask": "+256(___)___-___"
},{
    "name": "Reino unido",
    "iso_code": "gb",
    "phone_code": "44",
    "mask": "+44-__-____-____"
},{
    "name": "Uruguai",
    "iso_code": "uy",
    "phone_code": "598",
    "mask": "+598-_-___-__-__"
},{
    "name": "Uzbequistão",
    "iso_code": "uz",
    "phone_code": "998",
    "mask": "+998-__-___-____"
},{
    "name": "Cidade do vaticano",
    "iso_code": "va",
    "phone_code": "396698",
    "mask": "+39-6-698-_____"
},{
    "name": "São Vicente e Granadinas",
    "iso_code": "vc",
    "phone_code": "1784",
    "mask": "+1(784)___-____"
},{
    "name": "Venezuela",
    "iso_code": "ve",
    "phone_code": "58",
    "mask": "+58(___)___-____"
},{
    "name": "Ilhas virgens (Inglaterra)",
    "iso_code": "vg",
    "phone_code": "1284",
    "mask": "+1(284)___-____"
},{
    "name": "Ilhas virgens (Eua)",
    "iso_code": "vi",
    "phone_code": "1340",
    "mask": "+1(340)___-____"
},{
    "name": "Vietnã",
    "iso_code": "vn",
    "phone_code": "84",
    "mask": "+84-__-____-___"
},{
    "name": "Vanuatu",
    "iso_code": "vu",
    "phone_code": "678",
    "mask": "+678-_____"
},{
    "name": "Wallis e Futuna",
    "iso_code": "wf",
    "phone_code": "681",
    "mask": "+681-__-____"
},{
    "name": "Samoa",
    "iso_code": "ws",
    "phone_code": "685",
    "mask": "+685-__-____"
},{
    "name": "Iémen",
    "iso_code": "ye",
    "phone_code": "967",
    "mask": "+967-_-___-___"
},{
    "name": "Sul-Africano República.",
    "iso_code": "za",
    "phone_code": "27",
    "mask": "+27-__-___-____"
},{
    "name": "Zâmbia",
    "iso_code": "zm",
    "phone_code": "260",
    "mask": "+260-__-___-____"
},{
    "name": "Zimbabwe",
    "iso_code": "zw",
    "phone_code": "263",
    "mask": "+263-_-______"
},{
    "name": "Canadá",
    "iso_code": "ca",
    "phone_code": "1",
    "mask": "+1(___)___-____"
},{
    "name": "Estados Unidos",
    "iso_code": "us",
    "phone_code": "1",
    "mask": "+1(___)___-____"
}]