[{
    "name": "阿森松岛",
    "iso_code": "ac",
    "phone_code": "247",
    "mask": "+247-____"
},{
    "name": "安道尔",
    "iso_code": "ad",
    "phone_code": "376",
    "mask": "+376-___-___"
},{
    "name": "阿拉伯联合酋长国",
    "iso_code": "ae",
    "phone_code": "971",
    "mask": "+971-_-___-____"
},{
    "name": "阿富汗",
    "iso_code": "af",
    "phone_code": "93",
    "mask": "+93-__-___-____"
},{
    "name": "安提瓜和巴布达",
    "iso_code": "ag",
    "phone_code": "1268",
    "mask": "+1(268)___-____"
},{
    "name": "安圭拉",
    "iso_code": "ai",
    "phone_code": "1264",
    "mask": "+1(264)___-____"
},{
    "name": "阿尔巴尼亚",
    "iso_code": "al",
    "phone_code": "355",
    "mask": "+355(___)___-___"
},{
    "name": "亚美尼亚",
    "iso_code": "am",
    "phone_code": "374",
    "mask": "+374-__-___-___"
},{
    "name": "加勒比荷兰",
    "iso_code": "bq",
    "phone_code": "599",
    "mask": "+599-___-____"
},{
    "name": "安哥拉",
    "iso_code": "ao",
    "phone_code": "244",
    "mask": "+244(___)___-___"
},{
    "name": "南极洲",
    "iso_code": "aq",
    "phone_code": "6721",
    "mask": "+672-1__-___"
},{
    "name": "阿根廷",
    "iso_code": "ar",
    "phone_code": "54",
    "mask": "+54(___)___-____"
},{
    "name": "美属萨摩亚",
    "iso_code": "as",
    "phone_code": "1684",
    "mask": "+1(684)___-____"
},{
    "name": "奥地利",
    "iso_code": "at",
    "phone_code": "43",
    "mask": "+43(___)___-____"
},{
    "name": "澳大利亚",
    "iso_code": "au",
    "phone_code": "61",
    "mask": "+61-_-____-____"
},{
    "name": "阿鲁巴",
    "iso_code": "aw",
    "phone_code": "297",
    "mask": "+297-___-____"
},{
    "name": "阿塞拜疆",
    "iso_code": "az",
    "phone_code": "994",
    "mask": "+994-__-___-__-__"
},{
    "name": "波斯尼亚和黑塞哥维那的",
    "iso_code": "ba",
    "phone_code": "387",
    "mask": "+387-__-____"
},{
    "name": "巴巴多斯",
    "iso_code": "bb",
    "phone_code": "1246",
    "mask": "+1(246)___-____"
},{
    "name": "孟加拉国",
    "iso_code": "bd",
    "phone_code": "880",
    "mask": "+880-__-___-___"
},{
    "name": "比利时",
    "iso_code": "be",
    "phone_code": "32",
    "mask": "+32(___)___-___"
},{
    "name": "布基纳法索",
    "iso_code": "bf",
    "phone_code": "226",
    "mask": "+226-__-__-____"
},{
    "name": "保加利亚",
    "iso_code": "bg",
    "phone_code": "359",
    "mask": "+359(___)___-___"
},{
    "name": "巴林",
    "iso_code": "bh",
    "phone_code": "973",
    "mask": "+973-____-____"
},{
    "name": "布隆迪",
    "iso_code": "bi",
    "phone_code": "257",
    "mask": "+257-__-__-____"
},{
    "name": "贝宁",
    "iso_code": "bj",
    "phone_code": "229",
    "mask": "+229-__-__-____"
},{
    "name": "百慕大",
    "iso_code": "bm",
    "phone_code": "1441",
    "mask": "+1(441)___-____"
},{
    "name": "文莱达鲁萨兰国",
    "iso_code": "bn",
    "phone_code": "673",
    "mask": "+673-___-____"
},{
    "name": "玻利维亚",
    "iso_code": "bo",
    "phone_code": "591",
    "mask": "+591-_-___-____"
},{
    "name": "巴西的",
    "iso_code": "br",
    "phone_code": "55",
    "mask": "+55-__-____-____"
},{
    "name": "巴哈马",
    "iso_code": "bs",
    "phone_code": "1242",
    "mask": "+1(242)___-____"
},{
    "name": "不丹",
    "iso_code": "bt",
    "phone_code": "975",
    "mask": "+975-_-___-___"
},{
    "name": "博茨瓦纳",
    "iso_code": "bw",
    "phone_code": "267",
    "mask": "+267-__-___-___"
},{
    "name": "白俄罗斯",
    "iso_code": "by",
    "phone_code": "375",
    "mask": "+375(__)___-__-__"
},{
    "name": "伯利兹",
    "iso_code": "bz",
    "phone_code": "501",
    "mask": "+501-___-____"
},{
    "name": "刚果(金沙萨)",
    "iso_code": "cd",
    "phone_code": "243",
    "mask": "+243(___)___-___"
},{
    "name": "中非共和国",
    "iso_code": "cf",
    "phone_code": "236",
    "mask": "+236-__-__-____"
},{
    "name": "刚果（布拉柴维尔）",
    "iso_code": "cg",
    "phone_code": "242",
    "mask": "+242-__-___-____"
},{
    "name": "瑞士",
    "iso_code": "ch",
    "phone_code": "41",
    "mask": "+41-__-___-____"
},{
    "name": "科特迪瓦",
    "iso_code": "ci",
    "phone_code": "225",
    "mask": "+225-__-___-___"
},{
    "name": "库克群岛",
    "iso_code": "ck",
    "phone_code": "682",
    "mask": "+682-__-___"
},{
    "name": "智利",
    "iso_code": "cl",
    "phone_code": "56",
    "mask": "+56-_-____-____"
},{
    "name": "喀麦隆",
    "iso_code": "cm",
    "phone_code": "237",
    "mask": "+237-____-____"
},{
    "name": "中国",
    "iso_code": "cn",
    "phone_code": "86",
    "mask": "+86(___)____-___"
},{
    "name": "哥伦比亚",
    "iso_code": "co",
    "phone_code": "57",
    "mask": "+57(___)___-____"
},{
    "name": "哥斯达黎加",
    "iso_code": "cr",
    "phone_code": "506",
    "mask": "+506-____-____"
},{
    "name": "古巴",
    "iso_code": "cu",
    "phone_code": "53",
    "mask": "+53-_-___-____"
},{
    "name": "佛得角",
    "iso_code": "cv",
    "phone_code": "238",
    "mask": "+238(___)__-__"
},{
    "name": "库拉索岛",
    "iso_code": "cw",
    "phone_code": "599",
    "mask": "+599-___-____"
},{
    "name": "塞浦路斯",
    "iso_code": "cy",
    "phone_code": "357",
    "mask": "+357-__-___-___"
},{
    "name": "捷克共和国",
    "iso_code": "cz",
    "phone_code": "420",
    "mask": "+420(___)___-___"
},{
    "name": "德国",
    "iso_code": "de",
    "phone_code": "49",
    "mask": "+49-___-___"
},{
    "name": "吉布提",
    "iso_code": "dj",
    "phone_code": "253",
    "mask": "+253-__-__-__-__"
},{
    "name": "丹麦",
    "iso_code": "dk",
    "phone_code": "45",
    "mask": "+45-__-__-__-__"
},{
    "name": "多米尼克",
    "iso_code": "dm",
    "phone_code": "1767",
    "mask": "+1(767)___-____"
},{
    "name": "多米尼加共和国",
    "iso_code": "do",
    "phone_code": "1809",
    "mask": "+1(809)___-____"
},{
    "iso_code": "do",
    "mask": "+1(829)___-____"
},{
    "iso_code": "do",
    "mask": "+1(849)___-____"
},{
    "name": "阿尔及利亚",
    "iso_code": "dz",
    "phone_code": "213",
    "mask": "+213-__-___-____"
},{
    "name": "厄瓜多尔",
    "iso_code": "ec",
    "phone_code": "593",
    "mask": "+593-_-___-____"
},{
    "name": "爱沙尼亚",
    "iso_code": "ee",
    "phone_code": "372",
    "mask": "+372-___-____"
},{
    "name": "埃及",
    "iso_code": "eg",
    "phone_code": "20",
    "mask": "+20(___)___-____"
},{
    "name": "厄立特里亚",
    "iso_code": "er",
    "phone_code": "291",
    "mask": "+291-_-___-___"
},{
    "name": "西班牙",
    "iso_code": "es",
    "phone_code": "34",
    "mask": "+34(___)___-___"
},{
    "name": "埃塞俄比亚",
    "iso_code": "et",
    "phone_code": "251",
    "mask": "+251-__-___-____"
},{
    "name": "芬兰",
    "iso_code": "fi",
    "phone_code": "358",
    "mask": "+358(___)___-__-__"
},{
    "name": "斐济",
    "iso_code": "fj",
    "phone_code": "679",
    "mask": "+679-__-_____"
},{
    "name": "福克兰群岛",
    "iso_code": "fk",
    "phone_code": "500",
    "mask": "+500-_____"
},{
    "name": "F.S.密克罗尼西",
    "iso_code": "fm",
    "phone_code": "691",
    "mask": "+691-___-____"
},{
    "name": "法罗群岛",
    "iso_code": "fo",
    "phone_code": "298",
    "mask": "+298-___-___"
},{
    "name": "马约特岛",
    "iso_code": "fr",
    "phone_code": "262",
    "mask": "+262-_____-____"
},{
    "name": "法国",
    "iso_code": "fr",
    "phone_code": "33",
    "mask": "+33(___)___-___"
},{
    "name": "圣皮埃尔和密克隆",
    "iso_code": "fr",
    "phone_code": "508",
    "mask": "+508-__-____"
},{
    "name": "瓜德罗普岛",
    "iso_code": "fr",
    "phone_code": "590",
    "mask": "+590(___)___-___"
},{
    "name": "加蓬",
    "iso_code": "ga",
    "phone_code": "241",
    "mask": "+241-_-__-__-__"
},{
    "name": "格林纳达",
    "iso_code": "gd",
    "phone_code": "1473",
    "mask": "+1(473)___-____"
},{
    "name": "格鲁吉亚",
    "iso_code": "ge",
    "phone_code": "995",
    "mask": "+995(___)___-___"
},{
    "name": "FR. 属圭亚那",
    "iso_code": "gf",
    "phone_code": "594",
    "mask": "+594-_____-____"
},{
    "name": "加纳",
    "iso_code": "gh",
    "phone_code": "233",
    "mask": "+233(___)___-___"
},{
    "name": "直布罗陀",
    "iso_code": "gi",
    "phone_code": "350",
    "mask": "+350-___-_____"
},{
    "name": "格陵兰",
    "iso_code": "gl",
    "phone_code": "299",
    "mask": "+299-__-__-__"
},{
    "name": "冈比亚",
    "iso_code": "gm",
    "phone_code": "220",
    "mask": "+220(___)__-__"
},{
    "name": "几内亚",
    "iso_code": "gn",
    "phone_code": "224",
    "mask": "+224-__-___-___"
},{
    "name": "赤道几内亚",
    "iso_code": "gq",
    "phone_code": "240",
    "mask": "+240-__-___-____"
},{
    "name": "希腊",
    "iso_code": "gr",
    "phone_code": "30",
    "mask": "+30(___)___-____"
},{
    "name": "危地马拉",
    "iso_code": "gt",
    "phone_code": "502",
    "mask": "+502-_-___-____"
},{
    "name": "关岛",
    "iso_code": "gu",
    "phone_code": "1671",
    "mask": "+1(671)___-____"
},{
    "name": "几内亚比绍",
    "iso_code": "gw",
    "phone_code": "245",
    "mask": "+245-_-______"
},{
    "name": "圭亚那",
    "iso_code": "gy",
    "phone_code": "592",
    "mask": "+592-___-____"
},{
    "name": "香港",
    "iso_code": "hk",
    "phone_code": "852",
    "mask": "+852-____-____"
},{
    "name": "洪都拉斯",
    "iso_code": "hn",
    "phone_code": "504",
    "mask": "+504-____-____"
},{
    "name": "克罗地亚",
    "iso_code": "hr",
    "phone_code": "385",
    "mask": "+385-__-___-___"
},{
    "name": "海地",
    "iso_code": "ht",
    "phone_code": "509",
    "mask": "+509-__-__-____"
},{
    "name": "匈牙利",
    "iso_code": "hu",
    "phone_code": "36",
    "mask": "+36(___)___-___"
},{
    "name": "印度尼西亚",
    "iso_code": "id",
    "phone_code": "62",
    "mask": "+62-__-___-__"
},{
    "name": "爱尔兰",
    "iso_code": "ie",
    "phone_code": "353",
    "mask": "+353(___)___-___"
},{
    "name": "以色列",
    "iso_code": "il",
    "phone_code": "972",
    "mask": "+972-_-___-____"
},{
    "name": "印度",
    "iso_code": "in",
    "phone_code": "91",
    "mask": "+91(____)___-___"
},{
    "name": "迭戈*加西亚",
    "iso_code": "io",
    "phone_code": "246",
    "mask": "+246-___-____"
},{
    "name": "伊拉克",
    "iso_code": "iq",
    "phone_code": "964",
    "mask": "+964(___)___-____"
},{
    "name": "伊朗",
    "iso_code": "ir",
    "phone_code": "98",
    "mask": "+98(___)___-____"
},{
    "name": "冰岛",
    "iso_code": "is",
    "phone_code": "354",
    "mask": "+354-___-____"
},{
    "name": "意大利",
    "iso_code": "it",
    "phone_code": "39",
    "mask": "+39(___)____-___"
},{
    "name": "牙买加",
    "iso_code": "jm",
    "phone_code": "1876",
    "mask": "+1(876)___-____"
},{
    "name": "约旦",
    "iso_code": "jo",
    "phone_code": "962",
    "mask": "+962-_-____-____"
},{
    "name": "日本",
    "iso_code": "jp",
    "phone_code": "81",
    "mask": "+81(___)___-___"
},{
    "name": "肯尼亚",
    "iso_code": "ke",
    "phone_code": "254",
    "mask": "+254-___-______"
},{
    "name": "吉尔吉斯斯坦",
    "iso_code": "kg",
    "phone_code": "996",
    "mask": "+996(___)___-___"
},{
    "name": "柬埔寨",
    "iso_code": "kh",
    "phone_code": "855",
    "mask": "+855-__-___-___"
},{
    "name": "基里巴斯",
    "iso_code": "ki",
    "phone_code": "686",
    "mask": "+686-__-___"
},{
    "name": "科摩罗",
    "iso_code": "km",
    "phone_code": "269",
    "mask": "+269-__-_____"
},{
    "name": "圣基茨和尼维斯",
    "iso_code": "kn",
    "phone_code": "1869",
    "mask": "+1(869)___-____"
},{
    "name": "朝鲜人民民主共和国",
    "iso_code": "kp",
    "phone_code": "850",
    "mask": "+850-___-___"
},{
    "name": "主共和国朝鲜",
    "iso_code": "kr",
    "phone_code": "82",
    "mask": "+82-__-___-____"
},{
    "name": "科威特",
    "iso_code": "kw",
    "phone_code": "965",
    "mask": "+965-____-____"
},{
    "name": "开曼群岛",
    "iso_code": "ky",
    "phone_code": "1345",
    "mask": "+1(345)___-____"
},{
    "name": "哈萨克斯坦",
    "iso_code": "kz",
    "phone_code": "76",
    "mask": "+7(6__)___-__-__"
},{
    "iso_code": "kz",
    "mask": "+7(7__)___-__-__"
},{
    "name": "老挝",
    "iso_code": "la",
    "phone_code": "856",
    "mask": "+856-__-___-___"
},{
    "name": "黎巴嫩",
    "iso_code": "lb",
    "phone_code": "961",
    "mask": "+961-_-___-___"
},{
    "name": "圣卢西亚",
    "iso_code": "lc",
    "phone_code": "1758",
    "mask": "+1(758)___-____"
},{
    "name": "列支敦士登",
    "iso_code": "li",
    "phone_code": "423",
    "mask": "+423(___)___-____"
},{
    "name": "斯里兰卡",
    "iso_code": "lk",
    "phone_code": "94",
    "mask": "+94-__-___-____"
},{
    "name": "利比里亚",
    "iso_code": "lr",
    "phone_code": "231",
    "mask": "+231-__-___-___"
},{
    "name": "莱索托",
    "iso_code": "ls",
    "phone_code": "266",
    "mask": "+266-_-___-____"
},{
    "name": "立陶宛",
    "iso_code": "lt",
    "phone_code": "370",
    "mask": "+370(___)__-___"
},{
    "name": "卢森堡",
    "iso_code": "lu",
    "phone_code": "352",
    "mask": "+352(___)___-___"
},{
    "name": "拉脱维亚",
    "iso_code": "lv",
    "phone_code": "371",
    "mask": "+371-__-___-___"
},{
    "name": "利比亚",
    "iso_code": "ly",
    "phone_code": "218",
    "mask": "+218-__-___-___"
},{
    "name": "摩洛哥",
    "iso_code": "ma",
    "phone_code": "212",
    "mask": "+212-__-____-___"
},{
    "name": "摩纳哥",
    "iso_code": "mc",
    "phone_code": "377",
    "mask": "+377-__-___-___"
},{
    "name": "摩尔多瓦",
    "iso_code": "md",
    "phone_code": "373",
    "mask": "+373-____-____"
},{
    "name": "黑山",
    "iso_code": "me",
    "phone_code": "382",
    "mask": "+382-__-___-___"
},{
    "name": "马达加斯加",
    "iso_code": "mg",
    "phone_code": "261",
    "mask": "+261-__-__-_____"
},{
    "name": "马绍尔群岛",
    "iso_code": "mh",
    "phone_code": "692",
    "mask": "+692-___-____"
},{
    "name": "马其顿共和国",
    "iso_code": "mk",
    "phone_code": "389",
    "mask": "+389-__-___-___"
},{
    "name": "马里",
    "iso_code": "ml",
    "phone_code": "223",
    "mask": "+223-__-__-____"
},{
    "name": "缅甸（缅甸）",
    "iso_code": "mm",
    "phone_code": "95",
    "mask": "+95-___-___"
},{
    "name": "蒙古",
    "iso_code": "mn",
    "phone_code": "976",
    "mask": "+976-__-__-____"
},{
    "name": "澳门",
    "iso_code": "mo",
    "phone_code": "853",
    "mask": "+853-____-____"
},{
    "name": "北马里亚纳群岛",
    "iso_code": "mp",
    "phone_code": "1670",
    "mask": "+1(670)___-____"
},{
    "name": "马提尼克岛",
    "iso_code": "mq",
    "phone_code": "596",
    "mask": "+596(___)__-__-__"
},{
    "name": "毛里塔尼亚",
    "iso_code": "mr",
    "phone_code": "222",
    "mask": "+222-__-__-____"
},{
    "name": "蒙特塞拉特",
    "iso_code": "ms",
    "phone_code": "1664",
    "mask": "+1(664)___-____"
},{
    "name": "马耳他",
    "iso_code": "mt",
    "phone_code": "356",
    "mask": "+356-____-____"
},{
    "name": "毛里求斯",
    "iso_code": "mu",
    "phone_code": "230",
    "mask": "+230-___-____"
},{
    "name": "马尔代夫",
    "iso_code": "mv",
    "phone_code": "960",
    "mask": "+960-___-____"
},{
    "name": "马拉维",
    "iso_code": "mw",
    "phone_code": "265",
    "mask": "+265-_-____-____"
},{
    "name": "墨西哥",
    "iso_code": "mx",
    "phone_code": "52",
    "mask": "+52-__-__-____"
},{
    "name": "马来西亚",
    "iso_code": "my",
    "phone_code": "60",
    "mask": "+60-_-___-___"
},{
    "name": "莫桑比克",
    "iso_code": "mz",
    "phone_code": "258",
    "mask": "+258-__-___-___"
},{
    "name": "纳米比亚",
    "iso_code": "na",
    "phone_code": "264",
    "mask": "+264-__-___-____"
},{
    "name": "新喀里多尼亚",
    "iso_code": "nc",
    "phone_code": "687",
    "mask": "+687-__-____"
},{
    "name": "尼日尔",
    "iso_code": "ne",
    "phone_code": "227",
    "mask": "+227-__-__-____"
},{
    "name": "诺福克(岛屿)",
    "iso_code": "nf",
    "phone_code": "6723",
    "mask": "+672-3__-___"
},{
    "name": "尼日利亚",
    "iso_code": "ng",
    "phone_code": "234",
    "mask": "+234-__-___-__"
},{
    "name": "尼加拉瓜",
    "iso_code": "ni",
    "phone_code": "505",
    "mask": "+505-____-____"
},{
    "name": "荷兰",
    "iso_code": "nl",
    "phone_code": "31",
    "mask": "+31-__-___-____"
},{
    "name": "挪威",
    "iso_code": "no",
    "phone_code": "47",
    "mask": "+47(___)__-___"
},{
    "name": "尼泊尔",
    "iso_code": "np",
    "phone_code": "977",
    "mask": "+977-__-___-___"
},{
    "name": "瑙鲁",
    "iso_code": "nr",
    "phone_code": "674",
    "mask": "+674-___-____"
},{
    "name": "纽埃",
    "iso_code": "nu",
    "phone_code": "683",
    "mask": "+683-____"
},{
    "name": "新西兰",
    "iso_code": "nz",
    "phone_code": "64",
    "mask": "+64-__-___-___"
},{
    "name": "阿曼",
    "iso_code": "om",
    "phone_code": "968",
    "mask": "+968-__-___-___"
},{
    "name": "巴拿马",
    "iso_code": "pa",
    "phone_code": "507",
    "mask": "+507-___-____"
},{
    "name": "秘鲁",
    "iso_code": "pe",
    "phone_code": "51",
    "mask": "+51(___)___-___"
},{
    "name": "法属波利尼西亚（塔希提岛）",
    "iso_code": "pf",
    "phone_code": "689",
    "mask": "+689-__-__-__"
},{
    "name": "巴布亚新几内亚",
    "iso_code": "pg",
    "phone_code": "675",
    "mask": "+675(___)__-___"
},{
    "name": "菲律宾",
    "iso_code": "ph",
    "phone_code": "63",
    "mask": "+63(___)___-____"
},{
    "name": "巴基斯坦",
    "iso_code": "pk",
    "phone_code": "92",
    "mask": "+92(___)___-____"
},{
    "name": "波兰",
    "iso_code": "pl",
    "phone_code": "48",
    "mask": "+48(___)___-___"
},{
    "name": "巴勒斯坦",
    "iso_code": "ps",
    "phone_code": "970",
    "mask": "+970-__-___-____"
},{
    "name": "葡萄牙",
    "iso_code": "pt",
    "phone_code": "351",
    "mask": "+351-__-___-____"
},{
    "name": "帕劳",
    "iso_code": "pw",
    "phone_code": "680",
    "mask": "+680-___-____"
},{
    "name": "巴拉圭",
    "iso_code": "py",
    "phone_code": "595",
    "mask": "+595(___)___-___"
},{
    "name": "卡塔尔",
    "iso_code": "qa",
    "phone_code": "974",
    "mask": "+974-____-____"
},{
    "name": "聚会",
    "iso_code": "re",
    "phone_code": "262",
    "mask": "+262-_____-____"
},{
    "name": "罗马尼亚",
    "iso_code": "ro",
    "phone_code": "40",
    "mask": "+40-__-___-____"
},{
    "name": "塞尔维亚",
    "iso_code": "rs",
    "phone_code": "381",
    "mask": "+381-__-___-____"
},{
    "name": "俄罗斯",
    "iso_code": "ru",
    "phone_code": "7",
    "mask": "+7(___)___-__-__"
},{
    "name": "卢旺达问题",
    "iso_code": "rw",
    "phone_code": "250",
    "mask": "+250(___)___-___"
},{
    "name": "沙特阿拉伯",
    "iso_code": "sa",
    "phone_code": "966",
    "mask": "+966-_-___-____"
},{
    "name": "所罗门群岛",
    "iso_code": "sb",
    "phone_code": "677",
    "mask": "+677-_____"
},{
    "name": "塞舌尔",
    "iso_code": "sc",
    "phone_code": "248",
    "mask": "+248-_-___-___"
},{
    "name": "苏丹",
    "iso_code": "sd",
    "phone_code": "249",
    "mask": "+249-__-___-____"
},{
    "name": "瑞典",
    "iso_code": "se",
    "phone_code": "46",
    "mask": "+46-__-___-____"
},{
    "name": "新加坡",
    "iso_code": "sg",
    "phone_code": "65",
    "mask": "+65-____-____"
},{
    "name": "斯洛文尼亚",
    "iso_code": "si",
    "phone_code": "386",
    "mask": "+386-__-___-___"
},{
    "name": "斯洛伐克",
    "iso_code": "sk",
    "phone_code": "421",
    "mask": "+421(___)___-___"
},{
    "name": "塞拉利昂",
    "iso_code": "sl",
    "phone_code": "232",
    "mask": "+232-__-______"
},{
    "name": "圣马力诺",
    "iso_code": "sm",
    "phone_code": "378",
    "mask": "+378-____-______"
},{
    "name": "塞内加尔",
    "iso_code": "sn",
    "phone_code": "221",
    "mask": "+221-__-___-____"
},{
    "name": "索马里的",
    "iso_code": "so",
    "phone_code": "252",
    "mask": "+252-_-___-___"
},{
    "name": "苏里南",
    "iso_code": "sr",
    "phone_code": "597",
    "mask": "+597-___-___"
},{
    "name": "苏丹南部",
    "iso_code": "ss",
    "phone_code": "211",
    "mask": "+211-__-___-____"
},{
    "name": "圣多美和普林西比",
    "iso_code": "st",
    "phone_code": "239",
    "mask": "+239-__-_____"
},{
    "name": "萨尔瓦多",
    "iso_code": "sv",
    "phone_code": "503",
    "mask": "+503-__-__-____"
},{
    "name": "圣-马丁岛",
    "iso_code": "sx",
    "phone_code": "1721",
    "mask": "+1(721)___-____"
},{
    "name": "阿拉伯叙利亚共和国",
    "iso_code": "sy",
    "phone_code": "963",
    "mask": "+963-__-____-___"
},{
    "name": "斯威士兰",
    "iso_code": "sz",
    "phone_code": "268",
    "mask": "+268-__-__-____"
},{
    "name": "特克斯和凯科斯群岛",
    "iso_code": "tc",
    "phone_code": "1649",
    "mask": "+1(649)___-____"
},{
    "name": "乍得",
    "iso_code": "td",
    "phone_code": "235",
    "mask": "+235-__-__-__-__"
},{
    "name": "在",
    "iso_code": "tg",
    "phone_code": "228",
    "mask": "+228-__-___-___"
},{
    "name": "泰国",
    "iso_code": "th",
    "phone_code": "66",
    "mask": "+66-__-___-___"
},{
    "name": "塔吉克斯坦",
    "iso_code": "tj",
    "phone_code": "992",
    "mask": "+992-__-___-____"
},{
    "name": "托克劳",
    "iso_code": "tk",
    "phone_code": "690",
    "mask": "+690-____"
},{
    "name": "东帝汶的",
    "iso_code": "tl",
    "phone_code": "670",
    "mask": "+670-___-____"
},{
    "name": "土库曼斯坦",
    "iso_code": "tm",
    "phone_code": "993",
    "mask": "+993-_-___-____"
},{
    "name": "突尼斯",
    "iso_code": "tn",
    "phone_code": "216",
    "mask": "+216-__-___-___"
},{
    "name": "汤加",
    "iso_code": "to",
    "phone_code": "676",
    "mask": "+676-_____"
},{
    "name": "土耳其",
    "iso_code": "tr",
    "phone_code": "90",
    "mask": "+90(___)___-____"
},{
    "name": "特立尼达和多巴哥",
    "iso_code": "tt",
    "phone_code": "1868",
    "mask": "+1(868)___-____"
},{
    "name": "图瓦卢",
    "iso_code": "tv",
    "phone_code": "688",
    "mask": "+688-_____"
},{
    "name": "台湾",
    "iso_code": "tw",
    "phone_code": "886",
    "mask": "+886-____-____"
},{
    "name": "坦桑尼亚",
    "iso_code": "tz",
    "phone_code": "255",
    "mask": "+255-__-___-____"
},{
    "name": "乌克兰",
    "iso_code": "ua",
    "phone_code": "380",
    "mask": "+380(__)___-__-__"
},{
    "name": "乌干达",
    "iso_code": "ug",
    "phone_code": "256",
    "mask": "+256(___)___-___"
},{
    "name": "联合王国",
    "iso_code": "gb",
    "phone_code": "44",
    "mask": "+44-__-____-____"
},{
    "name": "乌拉圭",
    "iso_code": "uy",
    "phone_code": "598",
    "mask": "+598-_-___-__-__"
},{
    "name": "乌兹别克斯坦",
    "iso_code": "uz",
    "phone_code": "998",
    "mask": "+998-__-___-____"
},{
    "name": "梵蒂冈",
    "iso_code": "va",
    "phone_code": "396698",
    "mask": "+39-6-698-_____"
},{
    "name": "圣文森特和格林纳丁斯",
    "iso_code": "vc",
    "phone_code": "1784",
    "mask": "+1(784)___-____"
},{
    "name": "委内瑞拉",
    "iso_code": "ve",
    "phone_code": "58",
    "mask": "+58(___)___-____"
},{
    "name": "属维尔京群岛(英国)",
    "iso_code": "vg",
    "phone_code": "1284",
    "mask": "+1(284)___-____"
},{
    "name": "属维尔京群岛(美国)",
    "iso_code": "vi",
    "phone_code": "1340",
    "mask": "+1(340)___-____"
},{
    "name": "越南",
    "iso_code": "vn",
    "phone_code": "84",
    "mask": "+84-__-____-___"
},{
    "name": "瓦努阿图",
    "iso_code": "vu",
    "phone_code": "678",
    "mask": "+678-_____"
},{
    "name": "瓦利斯群岛和富图纳群岛",
    "iso_code": "wf",
    "phone_code": "681",
    "mask": "+681-__-____"
},{
    "name": "萨摩亚",
    "iso_code": "ws",
    "phone_code": "685",
    "mask": "+685-__-____"
},{
    "name": "也门",
    "iso_code": "ye",
    "phone_code": "967",
    "mask": "+967-_-___-___"
},{
    "name": "南非代表",
    "iso_code": "za",
    "phone_code": "27",
    "mask": "+27-__-___-____"
},{
    "name": "赞比亚",
    "iso_code": "zm",
    "phone_code": "260",
    "mask": "+260-__-___-____"
},{
    "name": "津巴布韦",
    "iso_code": "zw",
    "phone_code": "263",
    "mask": "+263-_-______"
},{
    "name": "加拿大",
    "iso_code": "ca",
    "phone_code": "1",
    "mask": "+1(___)___-____"
},{
    "name": "美国的",
    "iso_code": "us",
    "phone_code": "1",
    "mask": "+1(___)___-____"
}]