[{
    "iso_code": "ua",
    "mask": "+380(312)__-__-__",
    "region": "Gebiet Transkarpatien Rajon",
    "city": "Uzhgorod",
    "operator": ""
},{
    "iso_code": "ua",
    "mask": "+380(3122)_-__-__",
    "region": "Gebiet Transkarpatien Rajon",
    "city": "Die Durchschnittliche",
    "operator": ""
},{
    "iso_code": "ua",
    "mask": "+380(3131)_-__-__",
    "region": "Gebiet Transkarpatien Rajon",
    "city": "Mukatschewe",
    "operator": ""
},{
    "iso_code": "ua",
    "mask": "+380(3132)_-__-__",
    "region": "Gebiet Transkarpatien Rajon",
    "city": "Rachiw",
    "operator": ""
},{
    "iso_code": "ua",
    "mask": "+380(3133)_-__-__",
    "region": "Gebiet Transkarpatien Rajon",
    "city": "Poljana",
    "operator": ""
},{
    "iso_code": "ua",
    "mask": "+380(3134)_-__-__",
    "region": "Gebiet Transkarpatien Rajon",
    "city": "Buschtyno",
    "operator": ""
},{
    "iso_code": "ua",
    "mask": "+380(3135)_-__-__",
    "region": "Gebiet Transkarpatien Rajon",
    "city": "Welykyj Beresnyj",
    "operator": ""
},{
    "iso_code": "ua",
    "mask": "+380(3136)_-__-__",
    "region": "Gebiet Transkarpatien Rajon",
    "city": "Das Untere Tor",
    "operator": ""
},{
    "iso_code": "ua",
    "mask": "+380(3137)_-__-__",
    "region": "Gebiet Transkarpatien Rajon",
    "city": "Chop",
    "operator": ""
},{
    "iso_code": "ua",
    "mask": "+380(3141)_-__-__",
    "region": "Gebiet Transkarpatien Rajon",
    "city": "Berehowe",
    "operator": ""
},{
    "iso_code": "ua",
    "mask": "+380(31422)__-__",
    "region": "Gebiet Transkarpatien Rajon",
    "city": "Hust",
    "operator": ""
},{
    "iso_code": "ua",
    "mask": "+380(3143)_-__-__",
    "region": "Gebiet Transkarpatien Rajon",
    "city": "Gabeln",
    "operator": ""
},{
    "iso_code": "ua",
    "mask": "+380(3144)_-__-__",
    "region": "Gebiet Transkarpatien Rajon",
    "city": "Lange",
    "operator": ""
},{
    "iso_code": "ua",
    "mask": "+380(3145)_-__-__",
    "region": "Gebiet Transkarpatien Rajon",
    "city": "Peretschyn",
    "operator": ""
},{
    "iso_code": "ua",
    "mask": "+380(3146)_-__-__",
    "region": "Gebiet Transkarpatien Rajon",
    "city": "MEZHGORYE",
    "operator": ""
},{
    "iso_code": "ua",
    "mask": "+380(32)___-__-__",
    "region": "Lwiwer Gebiet Rajon",
    "city": "Löwen",
    "operator": ""
},{
    "iso_code": "ua",
    "mask": "+380(322)__-__-__",
    "region": "Lwiwer Gebiet Rajon",
    "city": "Брюховичи",
    "operator": ""
},{
    "iso_code": "ua",
    "mask": "+380(3230)_-__-__",
    "region": "Lwiwer Gebiet Rajon",
    "city": "Пустомыты",
    "operator": ""
},{
    "iso_code": "ua",
    "mask": "+380(3231)_-__-__",
    "region": "Lwiwer Gebiet Rajon",
    "city": "Stadt",
    "operator": ""
},{
    "iso_code": "ua",
    "mask": "+380(3234)_-__-__",
    "region": "Lwiwer Gebiet Rajon",
    "city": "Мостиска",
    "operator": ""
},{
    "iso_code": "ua",
    "mask": "+380(3236)_-__-__",
    "region": "Lwiwer Gebiet Rajon",
    "city": "Дубляны",
    "operator": ""
},{
    "iso_code": "ua",
    "mask": "+380(3238)_-__-__",
    "region": "Lwiwer Gebiet Rajon",
    "city": "Добромиль",
    "operator": ""
},{
    "iso_code": "ua",
    "mask": "+380(3239)_-__-__",
    "region": "Lwiwer Gebiet Rajon",
    "city": "Гнездычев",
    "operator": ""
},{
    "iso_code": "ua",
    "mask": "+380(3241)_-__-__",
    "region": "Lwiwer Gebiet Rajon",
    "city": "Роздол",
    "operator": ""
},{
    "iso_code": "ua",
    "mask": "+380(3244)_-__-__",
    "region": "Lwiwer Gebiet Rajon",
    "city": "Drohobytsch",
    "operator": ""
},{
    "iso_code": "ua",
    "mask": "+380(3245)_-__-__",
    "region": "Lwiwer Gebiet Rajon",
    "city": "Dashava",
    "operator": ""
},{
    "iso_code": "ua",
    "mask": "+380(3247)_-__-__",
    "region": "Lwiwer Gebiet Rajon",
    "city": "Truskavets",
    "operator": ""
},{
    "iso_code": "ua",
    "mask": "+380(3248)_-__-__",
    "region": "Lwiwer Gebiet Rajon",
    "city": "Borislav",
    "operator": ""
},{
    "iso_code": "ua",
    "mask": "+380(3249)_-__-__",
    "region": "Lwiwer Gebiet Rajon",
    "city": "Tscherwonohrad",
    "operator": ""
},{
    "iso_code": "ua",
    "mask": "+380(3251)_-__-__",
    "region": "Lwiwer Gebiet Rajon",
    "city": "Skole",
    "operator": ""
},{
    "iso_code": "ua",
    "mask": "+380(3252)_-__-__",
    "region": "Lwiwer Gebiet Rajon",
    "city": "Дубляны",
    "operator": ""
},{
    "iso_code": "ua",
    "mask": "+380(3254)_-__-__",
    "region": "Lwiwer Gebiet Rajon",
    "city": "Dobrotwor",
    "operator": ""
},{
    "iso_code": "ua",
    "mask": "+380(3255)_-__-__",
    "region": "Lwiwer Gebiet Rajon",
    "city": "Lopatin",
    "operator": ""
},{
    "iso_code": "ua",
    "mask": "+380(3257)_-__-__",
    "region": "Lwiwer Gebiet Rajon",
    "city": "Bels",
    "operator": ""
},{
    "iso_code": "ua",
    "mask": "+380(3259)_-__-__",
    "region": "Lwiwer Gebiet Rajon",
    "city": "Iwano-Франково",
    "operator": ""
},{
    "iso_code": "ua",
    "mask": "+380(32606)__-__",
    "region": "Lwiwer Gebiet Rajon",
    "city": "Morschyn",
    "operator": ""
},{
    "iso_code": "ua",
    "mask": "+380(3261)_-__-__",
    "region": "Lwiwer Gebiet Rajon",
    "city": "Rosdol",
    "operator": ""
},{
    "iso_code": "ua",
    "mask": "+380(3263)_-__-__",
    "region": "Lwiwer Gebiet Rajon",
    "city": "Bobrka",
    "operator": ""
},{
    "iso_code": "ua",
    "mask": "+380(3264)_-__-__",
    "region": "Lwiwer Gebiet Rajon",
    "city": "Busk",
    "operator": ""
},{
    "iso_code": "ua",
    "mask": "+380(3265)_-__-__",
    "region": "Lwiwer Gebiet Rajon",
    "city": "Hlyniany",
    "operator": ""
},{
    "iso_code": "ua",
    "mask": "+380(3266)_-__-__",
    "region": "Lwiwer Gebiet Rajon",
    "city": "Brody",
    "operator": ""
},{
    "iso_code": "ua",
    "mask": "+380(3269)_-__-__",
    "region": "Lwiwer Gebiet Rajon",
    "city": "Борыня",
    "operator": ""
},{
    "iso_code": "ua",
    "mask": "+380(33)___-__-__",
    "region": "Wolyn Gebiet",
    "city": "Luzk",
    "operator": ""
},{
    "iso_code": "ua",
    "mask": "+380(332)__-__-__",
    "region": "Wolyn Gebiet",
    "city": "Luzk",
    "operator": ""
},{
    "iso_code": "ua",
    "mask": "+380(3322)_-__-__",
    "region": "Wolyn Gebiet",
    "city": "Торчин",
    "operator": ""
},{
    "iso_code": "ua",
    "mask": "+380(3342)_-__-__",
    "region": "Wolyn Gebiet",
    "city": "Ustilug",
    "operator": ""
},{
    "iso_code": "ua",
    "mask": "+380(3344)_-__-__",
    "region": "Wolyn Gebiet",
    "city": "Novovolynsk",
    "operator": ""
},{
    "iso_code": "ua",
    "mask": "+380(3346)_-__-__",
    "region": "Wolyn Gebiet",
    "city": "Alte Выжевка",
    "operator": ""
},{
    "iso_code": "ua",
    "mask": "+380(3352)_-__-__",
    "region": "Wolyn Gebiet",
    "city": "Голобы",
    "operator": ""
},{
    "iso_code": "ua",
    "mask": "+380(3357)_-__-__",
    "region": "Wolyn Gebiet",
    "city": "-Kashyrs",
    "operator": ""
},{
    "iso_code": "ua",
    "mask": "+380(3362)_-__-__",
    "region": "Wolyn Gebiet",
    "city": "Любешов",
    "operator": ""
},{
    "iso_code": "ua",
    "mask": "+380(3363)_-__-__",
    "region": "Wolyn Gebiet",
    "city": "Bögen",
    "operator": ""
},{
    "iso_code": "ua",
    "mask": "+380(3365)_-__-__",
    "region": "Wolyn Gebiet",
    "city": "Kivertsi",
    "operator": ""
},{
    "iso_code": "ua",
    "mask": "+380(3366)_-__-__",
    "region": "Wolyn Gebiet",
    "city": "Ratne",
    "operator": ""
},{
    "iso_code": "ua",
    "mask": "+380(3368)_-__-__",
    "region": "Wolyn Gebiet",
    "city": "Березолуки",
    "operator": ""
},{
    "iso_code": "ua",
    "mask": "+380(3372)_-__-__",
    "region": "Wolyn Gebiet",
    "city": "Иваничи",
    "operator": ""
},{
    "iso_code": "ua",
    "mask": "+380(3374)_-__-__",
    "region": "Wolyn Gebiet",
    "city": "Локачи",
    "operator": ""
},{
    "iso_code": "ua",
    "mask": "+380(3376)_-__-__",
    "region": "Wolyn Gebiet",
    "city": "Kolki",
    "operator": ""
},{
    "iso_code": "ua",
    "mask": "+380(3377)_-__-__",
    "region": "Wolyn Gebiet",
    "city": "Das Haupt",
    "operator": ""
},{
    "iso_code": "ua",
    "mask": "+380(3379)_-__-__",
    "region": "Wolyn Gebiet",
    "city": "Berestetschko",
    "operator": ""
},{
    "iso_code": "ua",
    "mask": "+380(34)___-__-__",
    "region": "Gebiet Iwano-Frankiwsk Rajon",
    "city": "Iwano-Frankiwsk",
    "operator": ""
},{
    "iso_code": "ua",
    "mask": "+380(342)__-__-__",
    "region": "Gebiet Iwano-Frankiwsk Rajon",
    "city": "Iwano-Frankiwsk",
    "operator": ""
},{
    "iso_code": "ua",
    "mask": "+380(3430)_-__-__",
    "region": "Gebiet Iwano-Frankiwsk Rajon",
    "city": "Чернелица",
    "operator": ""
},{
    "iso_code": "ua",
    "mask": "+380(3431)_-__-__",
    "region": "Gebiet Iwano-Frankiwsk Rajon",
    "city": "Bil ' shivtsi",
    "operator": ""
},{
    "iso_code": "ua",
    "mask": "+380(3432)_-__-__",
    "region": "Gebiet Iwano-Frankiwsk Rajon",
    "city": "Werchowyna",
    "operator": ""
},{
    "iso_code": "ua",
    "mask": "+380(3433)_-__-__",
    "region": "Gebiet Iwano-Frankiwsk Rajon",
    "city": "Гвоздец",
    "operator": ""
},{
    "iso_code": "ua",
    "mask": "+380(3434)_-__-__",
    "region": "Gebiet Iwano-Frankiwsk Rajon",
    "city": "Worochta",
    "operator": ""
},{
    "iso_code": "ua",
    "mask": "+380(34342)__-__",
    "region": "Gebiet Iwano-Frankiwsk Rajon",
    "city": "Jaremtsche",
    "operator": ""
},{
    "iso_code": "ua",
    "mask": "+380(3435)_-__-__",
    "region": "Gebiet Iwano-Frankiwsk Rajon",
    "city": "Букачевцы",
    "operator": ""
},{
    "iso_code": "ua",
    "mask": "+380(3436)_-__-__",
    "region": "Gebiet Iwano-Frankiwsk Rajon",
    "city": "Lysets",
    "operator": ""
},{
    "iso_code": "ua",
    "mask": "+380(3438)_-__-__",
    "region": "Gebiet Iwano-Frankiwsk Rajon",
    "city": "Burshtyn",
    "operator": ""
},{
    "iso_code": "ua",
    "mask": "+380(3471)_-__-__",
    "region": "Gebiet Iwano-Frankiwsk Rajon",
    "city": "Bohorodtschany",
    "operator": ""
},{
    "iso_code": "ua",
    "mask": "+380(3472)_-__-__",
    "region": "Gebiet Iwano-Frankiwsk Rajon",
    "city": "Kalusch",
    "operator": ""
},{
    "iso_code": "ua",
    "mask": "+380(3474)_-__-__",
    "region": "Gebiet Iwano-Frankiwsk Rajon",
    "city": "Брошнев-Belagerung",
    "operator": ""
},{
    "iso_code": "ua",
    "mask": "+380(3475)_-__-__",
    "region": "Gebiet Iwano-Frankiwsk Rajon",
    "city": "Delyatyn",
    "operator": ""
},{
    "iso_code": "ua",
    "mask": "+380(3476)_-__-__",
    "region": "Gebiet Iwano-Frankiwsk Rajon",
    "city": "Snjatyn",
    "operator": ""
},{
    "iso_code": "ua",
    "mask": "+380(3477)_-__-__",
    "region": "Gebiet Iwano-Frankiwsk Rajon",
    "city": "Bolechiw",
    "operator": ""
},{
    "iso_code": "ua",
    "mask": "+380(3478)_-__-__",
    "region": "Gebiet Iwano-Frankiwsk Rajon",
    "city": "Kosov",
    "operator": ""
},{
    "iso_code": "ua",
    "mask": "+380(3479)_-__-__",
    "region": "Gebiet Iwano-Frankiwsk Rajon",
    "city": "Interpreter",
    "operator": ""
},{
    "iso_code": "ua",
    "mask": "+380(35)___-__-__",
    "region": "Ternopil Region",
    "city": "Ternopil",
    "operator": ""
},{
    "iso_code": "ua",
    "mask": "+380(352)__-__-__",
    "region": "Ternopil Region",
    "city": "Ternopil",
    "operator": ""
},{
    "iso_code": "ua",
    "mask": "+380(3540)_-__-__",
    "region": "Ternopil Region",
    "city": "Заложцы",
    "operator": ""
},{
    "iso_code": "ua",
    "mask": "+380(3541)_-__-__",
    "region": "Ternopil Region",
    "city": "Borshchev hat",
    "operator": ""
},{
    "iso_code": "ua",
    "mask": "+380(3542)_-__-__",
    "region": "Ternopil Region",
    "city": "Подгайцы",
    "operator": ""
},{
    "iso_code": "ua",
    "mask": "+380(3543)_-__-__",
    "region": "Ternopil Region",
    "city": "Das Neue Dorf",
    "operator": ""
},{
    "iso_code": "ua",
    "mask": "+380(3544)_-__-__",
    "region": "Ternopil Region",
    "city": "Butschatsch",
    "operator": ""
},{
    "iso_code": "ua",
    "mask": "+380(3546)_-__-__",
    "region": "Ternopil Region",
    "city": "Karbach",
    "operator": ""
},{
    "iso_code": "ua",
    "mask": "+380(3547)_-__-__",
    "region": "Ternopil Region",
    "city": "Kozlov",
    "operator": ""
},{
    "iso_code": "ua",
    "mask": "+380(3548)_-__-__",
    "region": "Ternopil Region",
    "city": "Berezhany",
    "operator": ""
},{
    "iso_code": "ua",
    "mask": "+380(3549)_-__-__",
    "region": "Ternopil Region",
    "city": "Лановцы",
    "operator": ""
},{
    "iso_code": "ua",
    "mask": "+380(3550)_-__-__",
    "region": "Ternopil Region",
    "city": "Wischnewez",
    "operator": ""
},{
    "iso_code": "ua",
    "mask": "+380(3551)_-__-__",
    "region": "Ternopil Region",
    "city": "Mykulyntsi",
    "operator": ""
},{
    "iso_code": "ua",
    "mask": "+380(3552)_-__-__",
    "region": "Ternopil Region",
    "city": "In Chortkiv",
    "operator": ""
},{
    "iso_code": "ua",
    "mask": "+380(3554)_-__-__",
    "region": "Ternopil Region",
    "city": "Dicke",
    "operator": ""
},{
    "iso_code": "ua",
    "mask": "+380(3555)_-__-__",
    "region": "Ternopil Region",
    "city": "Koropez",
    "operator": ""
},{
    "iso_code": "ua",
    "mask": "+380(3556)_-__-__",
    "region": "Ternopil Region",
    "city": "Dubno",
    "operator": ""
},{
    "iso_code": "ua",
    "mask": "+380(3557)_-__-__",
    "region": "Ternopil Region",
    "city": "Гримайлов",
    "operator": ""
},{
    "iso_code": "ua",
    "mask": "+380(3558)_-__-__",
    "region": "Ternopil Region",
    "city": "Шумск",
    "operator": ""
},{
    "iso_code": "ua",
    "mask": "+380(36)___-__-__",
    "region": "Rivne Region",
    "city": "Genau",
    "operator": ""
},{
    "iso_code": "ua",
    "mask": "+380(362)__-__-__",
    "region": "Rivne Region",
    "city": "Klewanj",
    "operator": ""
},{
    "iso_code": "ua",
    "mask": "+380(3632)_-__-__",
    "region": "Rivne Region",
    "city": "Saretschnoje",
    "operator": ""
},{
    "iso_code": "ua",
    "mask": "+380(3633)_-__-__",
    "region": "Rivne Region",
    "city": "Radywyliw",
    "operator": ""
},{
    "iso_code": "ua",
    "mask": "+380(3634)_-__-__",
    "region": "Rivne Region",
    "city": "Volodymyrets'",
    "operator": ""
},{
    "iso_code": "ua",
    "mask": "+380(3635)_-__-__",
    "region": "Rivne Region",
    "city": "Ukraine",
    "operator": ""
},{
    "iso_code": "ua",
    "mask": "+380(3636)_-__-__",
    "region": "Rivne Region",
    "city": "Кузнецовск",
    "operator": ""
},{
    "iso_code": "ua",
    "mask": "+380(3650)_-__-__",
    "region": "Rivne Region",
    "city": "Гоща",
    "operator": ""
},{
    "iso_code": "ua",
    "mask": "+380(3651)_-__-__",
    "region": "Rivne Region",
    "city": "Korez",
    "operator": ""
},{
    "iso_code": "ua",
    "mask": "+380(3652)_-__-__",
    "region": "Rivne Region",
    "city": "Мизоч",
    "operator": ""
},{
    "iso_code": "ua",
    "mask": "+380(36522)__-__",
    "region": "Rivne Region",
    "city": "Zdolbuniv",
    "operator": ""
},{
    "iso_code": "ua",
    "mask": "+380(3653)_-__-__",
    "region": "Rivne Region",
    "city": "Березно",
    "operator": ""
},{
    "iso_code": "ua",
    "mask": "+380(3654)_-__-__",
    "region": "Rivne Region",
    "city": "Ostrog",
    "operator": ""
},{
    "iso_code": "ua",
    "mask": "+380(36552)__-__",
    "region": "Rivne Region",
    "city": "Клесов",
    "operator": ""
},{
    "iso_code": "ua",
    "mask": "+380(3656)_-__-__",
    "region": "Rivne Region",
    "city": "Смыга",
    "operator": ""
},{
    "iso_code": "ua",
    "mask": "+380(3657)_-__-__",
    "region": "Rivne Region",
    "city": "Kostopol",
    "operator": ""
},{
    "iso_code": "ua",
    "mask": "+380(3658)_-__-__",
    "region": "Rivne Region",
    "city": "Dubrowyzja",
    "operator": ""
},{
    "iso_code": "ua",
    "mask": "+380(3659)_-__-__",
    "region": "Rivne Region",
    "city": "Демидовка",
    "operator": ""
},{
    "iso_code": "ua",
    "mask": "+380(37)___-__-__",
    "region": "Chernivtsi Region",
    "city": "Czernowitz",
    "operator": ""
},{
    "iso_code": "ua",
    "mask": "+380(372)__-__-__",
    "region": "Chernivtsi Region",
    "city": "Czernowitz",
    "operator": ""
},{
    "iso_code": "ua",
    "mask": "+380(3722)_-__-__",
    "region": "Chernivtsi Region",
    "city": "Czernowitz",
    "operator": ""
},{
    "iso_code": "ua",
    "mask": "+380(3730)_-__-__",
    "region": "Chernivtsi Region",
    "city": "Berehomet",
    "operator": ""
},{
    "iso_code": "ua",
    "mask": "+380(37312)__-__",
    "region": "Chernivtsi Region",
    "city": "Chotyn",
    "operator": ""
},{
    "iso_code": "ua",
    "mask": "+380(3732)_-__-__",
    "region": "Chernivtsi Region",
    "city": "Кельменцы",
    "operator": ""
},{
    "iso_code": "ua",
    "mask": "+380(3733)_-__-__",
    "region": "Chernivtsi Region",
    "city": "Nowosseliza",
    "operator": ""
},{
    "iso_code": "ua",
    "mask": "+380(3734)_-__-__",
    "region": "Chernivtsi Region",
    "city": "Глыбокая",
    "operator": ""
},{
    "iso_code": "ua",
    "mask": "+380(3735)_-__-__",
    "region": "Chernivtsi Region",
    "city": "Красноильск",
    "operator": ""
},{
    "iso_code": "ua",
    "mask": "+380(3736)_-__-__",
    "region": "Chernivtsi Region",
    "city": "Кицмань",
    "operator": ""
},{
    "iso_code": "ua",
    "mask": "+380(3737)_-__-__",
    "region": "Chernivtsi Region",
    "city": "Кострижевка",
    "operator": ""
},{
    "iso_code": "ua",
    "mask": "+380(3738)_-__-__",
    "region": "Chernivtsi Region",
    "city": "Putyla",
    "operator": ""
},{
    "iso_code": "ua",
    "mask": "+380(3739)_-__-__",
    "region": "Chernivtsi Region",
    "city": "Sokyrjany",
    "operator": ""
},{
    "iso_code": "ua",
    "mask": "+380(3740)_-__-__",
    "region": "Chernivtsi Region",
    "city": "Hertz",
    "operator": ""
},{
    "iso_code": "ua",
    "mask": "+380(3741)_-__-__",
    "region": "Chernivtsi Region",
    "city": "Новоднестровск",
    "operator": ""
},{
    "iso_code": "ua",
    "mask": "+380(38)___-__-__",
    "region": "Khmelnitsky Region",
    "city": "Chmelnyzkyj",
    "operator": ""
},{
    "iso_code": "ua",
    "mask": "+380(382)__-__-__",
    "region": "Khmelnitsky Region",
    "city": "Chmelnyzkyj",
    "operator": ""
},{
    "iso_code": "ua",
    "mask": "+380(3822)_-__-__",
    "region": "Khmelnitsky Region",
    "city": "BLACK Island",
    "operator": ""
},{
    "iso_code": "ua",
    "mask": "+380(3840)_-__-__",
    "region": "Khmelnitsky Region",
    "city": "Грицев",
    "operator": ""
},{
    "iso_code": "ua",
    "mask": "+380(3841)_-__-__",
    "region": "Khmelnitsky Region",
    "city": "Yampol",
    "operator": ""
},{
    "iso_code": "ua",
    "mask": "+380(3842)_-__-__",
    "region": "Khmelnitsky Region",
    "city": "Slavuta",
    "operator": ""
},{
    "iso_code": "ua",
    "mask": "+380(3843)_-__-__",
    "region": "Khmelnitsky Region",
    "city": "Полонное",
    "operator": ""
},{
    "iso_code": "ua",
    "mask": "+380(3844)_-__-__",
    "region": "Khmelnitsky Region",
    "city": "Базалия",
    "operator": ""
},{
    "iso_code": "ua",
    "mask": "+380(3845)_-__-__",
    "region": "Khmelnitsky Region",
    "city": "Войтовцы",
    "operator": ""
},{
    "iso_code": "ua",
    "mask": "+380(3846)_-__-__",
    "region": "Khmelnitsky Region",
    "city": "Виньковцы",
    "operator": ""
},{
    "iso_code": "ua",
    "mask": "+380(3847)_-__-__",
    "region": "Khmelnitsky Region",
    "city": "Neue Ушица",
    "operator": ""
},{
    "iso_code": "ua",
    "mask": "+380(3848)_-__-__",
    "region": "Khmelnitsky Region",
    "city": "Netischyn",
    "operator": ""
},{
    "iso_code": "ua",
    "mask": "+380(3849)_-__-__",
    "region": "Khmelnitsky Region",
    "city": "Kamjanez-Podilskyj",
    "operator": ""
},{
    "iso_code": "ua",
    "mask": "+380(3850)_-__-__",
    "region": "Khmelnitsky Region",
    "city": "Alte Синява",
    "operator": ""
},{
    "iso_code": "ua",
    "mask": "+380(3851)_-__-__",
    "region": "Khmelnitsky Region",
    "city": "Stadt",
    "operator": ""
},{
    "iso_code": "ua",
    "mask": "+380(3852)_-__-__",
    "region": "Khmelnitsky Region",
    "city": "Isjaslaw",
    "operator": ""
},{
    "iso_code": "ua",
    "mask": "+380(3853)_-__-__",
    "region": "Khmelnitsky Region",
    "city": "Ярмолинцы",
    "operator": ""
},{
    "iso_code": "ua",
    "mask": "+380(3854)_-__-__",
    "region": "Khmelnitsky Region",
    "city": "Староконстантинов",
    "operator": ""
},{
    "iso_code": "ua",
    "mask": "+380(3855)_-__-__",
    "region": "Khmelnitsky Region",
    "city": "Antonina",
    "operator": ""
},{
    "iso_code": "ua",
    "mask": "+380(3856)_-__-__",
    "region": "Khmelnitsky Region",
    "city": "Деражня",
    "operator": ""
},{
    "iso_code": "ua",
    "mask": "+380(3857)_-__-__",
    "region": "Khmelnitsky Region",
    "city": "Letichev",
    "operator": ""
},{
    "iso_code": "ua",
    "mask": "+380(3858)_-__-__",
    "region": "Khmelnitsky Region",
    "city": "Дунаевцы",
    "operator": ""
},{
    "iso_code": "ua",
    "mask": "+380(3859)_-__-__",
    "region": "Khmelnitsky Region",
    "city": "Чемеровцы",
    "operator": ""
},{
    "iso_code": "ua",
    "mask": "+380(41)___-__-__",
    "region": "Zhytomyr Region",
    "city": "Shitomir",
    "operator": ""
},{
    "iso_code": "ua",
    "mask": "+380(412)__-__-__",
    "region": "Zhytomyr Region",
    "city": "Shitomir",
    "operator": ""
},{
    "iso_code": "ua",
    "mask": "+380(4122)_-__-__",
    "region": "Zhytomyr Region",
    "city": "Гуйва",
    "operator": ""
},{
    "iso_code": "ua",
    "mask": "+380(4130)_-__-__",
    "region": "Zhytomyr Region",
    "city": "Коростышев",
    "operator": ""
},{
    "iso_code": "ua",
    "mask": "+380(4131)_-__-__",
    "region": "Zhytomyr Region",
    "city": "Червоноармейск",
    "operator": ""
},{
    "iso_code": "ua",
    "mask": "+380(4132)_-__-__",
    "region": "Zhytomyr Region",
    "city": "Weißer Krinitsa",
    "operator": ""
},{
    "iso_code": "ua",
    "mask": "+380(4133)_-__-__",
    "region": "Zhytomyr Region",
    "city": "Чоповичи",
    "operator": ""
},{
    "iso_code": "ua",
    "mask": "+380(4134)_-__-__",
    "region": "Zhytomyr Region",
    "city": "Черняхов",
    "operator": ""
},{
    "iso_code": "ua",
    "mask": "+380(4135)_-__-__",
    "region": "Zhytomyr Region",
    "city": "Бучманы",
    "operator": ""
},{
    "iso_code": "ua",
    "mask": "+380(4136)_-__-__",
    "region": "Zhytomyr Region",
    "city": "Andruschewka",
    "operator": ""
},{
    "iso_code": "ua",
    "mask": "+380(4137)_-__-__",
    "region": "Zhytomyr Region",
    "city": "Cornyn",
    "operator": ""
},{
    "iso_code": "ua",
    "mask": "+380(41372)__-__",
    "region": "Zhytomyr Region",
    "city": "Попельня",
    "operator": ""
},{
    "iso_code": "ua",
    "mask": "+380(4138)_-__-__",
    "region": "Zhytomyr Region",
    "city": "Ruzhin",
    "operator": ""
},{
    "iso_code": "ua",
    "mask": "+380(4139)_-__-__",
    "region": "Zhytomyr Region",
    "city": "Tschudnow",
    "operator": ""
},{
    "iso_code": "ua",
    "mask": "+380(4140)_-__-__",
    "region": "Zhytomyr Region",
    "city": "Народичи",
    "operator": ""
},{
    "iso_code": "ua",
    "mask": "+380(4141)_-__-__",
    "region": "Zhytomyr Region",
    "city": "Броницкая Guta",
    "operator": ""
},{
    "iso_code": "ua",
    "mask": "+380(4142)_-__-__",
    "region": "Zhytomyr Region",
    "city": "Korosten",
    "operator": ""
},{
    "iso_code": "ua",
    "mask": "+380(4143)_-__-__",
    "region": "Zhytomyr Region",
    "city": "Berditschew",
    "operator": ""
},{
    "iso_code": "ua",
    "mask": "+380(4144)_-__-__",
    "region": "Zhytomyr Region",
    "city": "Довбыш",
    "operator": ""
},{
    "iso_code": "ua",
    "mask": "+380(41444)__-__",
    "region": "Zhytomyr Region",
    "city": "Baraniwka",
    "operator": ""
},{
    "iso_code": "ua",
    "mask": "+380(4145)_-__-__",
    "region": "Zhytomyr Region",
    "city": "Иршанск",
    "operator": ""
},{
    "iso_code": "ua",
    "mask": "+380(4146)_-__-__",
    "region": "Zhytomyr Region",
    "city": "Быковка",
    "operator": ""
},{
    "iso_code": "ua",
    "mask": "+380(4147)_-__-__",
    "region": "Zhytomyr Region",
    "city": "Любар",
    "operator": ""
},{
    "iso_code": "ua",
    "mask": "+380(4148)_-__-__",
    "region": "Zhytomyr Region",
    "city": "Першотравневое",
    "operator": ""
},{
    "iso_code": "ua",
    "mask": "+380(41483)__-__",
    "region": "Zhytomyr Region",
    "city": "Ovruch",
    "operator": ""
},{
    "iso_code": "ua",
    "mask": "+380(4149)_-__-__",
    "region": "Zhytomyr Region",
    "city": "Jablonec",
    "operator": ""
},{
    "iso_code": "ua",
    "mask": "+380(41494)__-__",
    "region": "Zhytomyr Region",
    "city": "Emilchino",
    "operator": ""
},{
    "iso_code": "ua",
    "mask": "+380(4161)_-__-__",
    "region": "Zhytomyr Region",
    "city": "Лугины",
    "operator": ""
},{
    "iso_code": "ua",
    "mask": "+380(4162)_-__-__",
    "region": "Zhytomyr Region",
    "city": "Brusilov",
    "operator": ""
},{
    "iso_code": "ua",
    "mask": "+380(4191)_-__-__",
    "region": "Zhytomyr Region",
    "city": "Zhovtneve",
    "operator": ""
},{
    "iso_code": "ua",
    "mask": "+380(43)___-__-__",
    "region": "Winnyzja Region",
    "city": "Vinnitsa",
    "operator": ""
},{
    "iso_code": "ua",
    "mask": "+380(432)__-__-__",
    "region": "Winnyzja Region",
    "city": "Strischawka",
    "operator": ""
},{
    "iso_code": "ua",
    "mask": "+380(4330)_-__-__",
    "region": "Winnyzja Region",
    "city": "Оратов",
    "operator": ""
},{
    "iso_code": "ua",
    "mask": "+380(4331)_-__-__",
    "region": "Winnyzja Region",
    "city": "Brazlaw",
    "operator": ""
},{
    "iso_code": "ua",
    "mask": "+380(4332)_-__-__",
    "region": "Winnyzja Region",
    "city": "Brailow befindet",
    "operator": ""
},{
    "iso_code": "ua",
    "mask": "+380(4333)_-__-__",
    "region": "Winnyzja Region",
    "city": "Kalinovka",
    "operator": ""
},{
    "iso_code": "ua",
    "mask": "+380(4334)_-__-__",
    "region": "Winnyzja Region",
    "city": "Von",
    "operator": ""
},{
    "iso_code": "ua",
    "mask": "+380(4335)_-__-__",
    "region": "Winnyzja Region",
    "city": "Кирнасовка",
    "operator": ""
},{
    "iso_code": "ua",
    "mask": "+380(4336)_-__-__",
    "region": "Winnyzja Region",
    "city": "Yampol",
    "operator": ""
},{
    "iso_code": "ua",
    "mask": "+380(4337)_-__-__",
    "region": "Winnyzja Region",
    "city": "Mohyliw-Podilskyj",
    "operator": ""
},{
    "iso_code": "ua",
    "mask": "+380(43)386-1_-__",
    "region": "Winnyzja Region",
    "city": "Ulanen",
    "operator": ""
},{
    "iso_code": "ua",
    "mask": "+380(43388)__-__",
    "region": "Winnyzja Region",
    "city": "Chmelnik",
    "operator": ""
},{
    "iso_code": "ua",
    "mask": "+380(4340)_-__-__",
    "region": "Winnyzja Region",
    "city": "Winnyzja",
    "operator": ""
},{
    "iso_code": "ua",
    "mask": "+380(4341)_-__-__",
    "region": "Winnyzja Region",
    "city": "Копайгород",
    "operator": ""
},{
    "iso_code": "ua",
    "mask": "+380(43410)__-__",
    "region": "Winnyzja Region",
    "city": "Bar",
    "operator": ""
},{
    "iso_code": "ua",
    "mask": "+380(4342)_-__-__",
    "region": "Winnyzja Region",
    "city": "Казатин",
    "operator": ""
},{
    "iso_code": "ua",
    "mask": "+380(4343)_-__-__",
    "region": "Winnyzja Region",
    "city": "Ладыжин",
    "operator": ""
},{
    "iso_code": "ua",
    "mask": "+380(4344)_-__-__",
    "region": "Winnyzja Region",
    "city": "Шаргород",
    "operator": ""
},{
    "iso_code": "ua",
    "mask": "+380(4345)_-__-__",
    "region": "Winnyzja Region",
    "city": "Дашев",
    "operator": ""
},{
    "iso_code": "ua",
    "mask": "+380(4346)_-__-__",
    "region": "Winnyzja Region",
    "city": "Pohrebyshche",
    "operator": ""
},{
    "iso_code": "ua",
    "mask": "+380(4347)_-__-__",
    "region": "Winnyzja Region",
    "city": "Autovermietung",
    "operator": ""
},{
    "iso_code": "ua",
    "mask": "+380(4348)_-__-__",
    "region": "Winnyzja Region",
    "city": "Томашполь",
    "operator": ""
},{
    "iso_code": "ua",
    "mask": "+380(4349)_-__-__",
    "region": "Winnyzja Region",
    "city": "Peschanka",
    "operator": ""
},{
    "iso_code": "ua",
    "mask": "+380(4350)_-__-__",
    "region": "Winnyzja Region",
    "city": "Вапнярка",
    "operator": ""
},{
    "iso_code": "ua",
    "mask": "+380(4351)_-__-__",
    "region": "Winnyzja Region",
    "city": "Чечельник",
    "operator": ""
},{
    "iso_code": "ua",
    "mask": "+380(4352)_-__-__",
    "region": "Winnyzja Region",
    "city": "Bershad",
    "operator": ""
},{
    "iso_code": "ua",
    "mask": "+380(4353)_-__-__",
    "region": "Winnyzja Region",
    "city": "Теплик",
    "operator": ""
},{
    "iso_code": "ua",
    "mask": "+380(4355)_-__-__",
    "region": "Winnyzja Region",
    "city": "Гнивань",
    "operator": ""
},{
    "iso_code": "ua",
    "mask": "+380(4356)_-__-__",
    "region": "Winnyzja Region",
    "city": "Мурованые Kurilowzy",
    "operator": ""
},{
    "iso_code": "ua",
    "mask": "+380(4358)_-__-__",
    "region": "Winnyzja Region",
    "city": "Semakowa",
    "operator": ""
},{
    "iso_code": "ua",
    "mask": "+380(44)___-__-__",
    "region": "Oblast Kiew",
    "city": "Kiew",
    "operator": ""
},{
    "iso_code": "ua",
    "mask": "+380(44474)__-__",
    "region": "Oblast Kiew",
    "city": "Мироновка",
    "operator": ""
},{
    "iso_code": "ua",
    "mask": "+380(4460)_-__-__",
    "region": "Oblast Kiew",
    "city": "Тетиев",
    "operator": ""
},{
    "iso_code": "ua",
    "mask": "+380(4461)_-__-__",
    "region": "Oblast Kiew",
    "city": "Bohuslav",
    "operator": ""
},{
    "iso_code": "ua",
    "mask": "+380(4462)_-__-__",
    "region": "Oblast Kiew",
    "city": "Rakitnoe",
    "operator": ""
},{
    "iso_code": "ua",
    "mask": "+380(4463)_-__-__",
    "region": "Oblast Kiew",
    "city": "Weiße Kirche",
    "operator": ""
},{
    "iso_code": "ua",
    "mask": "+380(4464)_-__-__",
    "region": "Oblast Kiew",
    "city": "Stawyschtsche",
    "operator": ""
},{
    "iso_code": "ua",
    "mask": "+380(4465)_-__-__",
    "region": "Oblast Kiew",
    "city": "Upland",
    "operator": ""
},{
    "iso_code": "ua",
    "mask": "+380(4466)_-__-__",
    "region": "Oblast Kiew",
    "city": "Тараща",
    "operator": ""
},{
    "iso_code": "ua",
    "mask": "+380(4467)_-__-__",
    "region": "Oblast Kiew",
    "city": "Perejaslaw-Chmelnyzkyj",
    "operator": ""
},{
    "iso_code": "ua",
    "mask": "+380(4468)_-__-__",
    "region": "Oblast Kiew",
    "city": "Skvira",
    "operator": ""
},{
    "iso_code": "ua",
    "mask": "+380(4470)_-__-__",
    "region": "Oblast Kiew",
    "city": "Autovermietung Zhukovka",
    "operator": ""
},{
    "iso_code": "ua",
    "mask": "+380(4471)_-__-__",
    "region": "Oblast Kiew",
    "city": "Glevaha",
    "operator": ""
},{
    "iso_code": "ua",
    "mask": "+380(4472)_-__-__",
    "region": "Oblast Kiew",
    "city": "Kozin",
    "operator": ""
},{
    "iso_code": "ua",
    "mask": "+380(4473)_-__-__",
    "region": "Oblast Kiew",
    "city": "Кагарлык",
    "operator": ""
},{
    "iso_code": "ua",
    "mask": "+380(4475)_-__-__",
    "region": "Oblast Kiew",
    "city": "Yagotin",
    "operator": ""
},{
    "iso_code": "ua",
    "mask": "+380(4476)_-__-__",
    "region": "Oblast Kiew",
    "city": "Барышевка",
    "operator": ""
},{
    "iso_code": "ua",
    "mask": "+380(4477)_-__-__",
    "region": "Oblast Kiew",
    "city": "Бабинцы",
    "operator": ""
},{
    "iso_code": "ua",
    "mask": "+380(4478)_-__-__",
    "region": "Oblast Kiew",
    "city": "Makarov",
    "operator": ""
},{
    "iso_code": "ua",
    "mask": "+380(4479)_-__-__",
    "region": "Oblast Kiew",
    "city": "Slawutytsch",
    "operator": ""
},{
    "iso_code": "ua",
    "mask": "+380(4491)_-__-__",
    "region": "Oblast Kiew",
    "city": "Ivankov",
    "operator": ""
},{
    "iso_code": "ua",
    "mask": "+380(4492)_-__-__",
    "region": "Oblast Kiew",
    "city": "Polesskoje",
    "operator": ""
},{
    "iso_code": "ua",
    "mask": "+380(4493)_-__-__",
    "region": "Oblast Kiew",
    "city": "Tschernobyl",
    "operator": ""
},{
    "iso_code": "ua",
    "mask": "+380(4494)_-__-__",
    "region": "Oblast Kiew",
    "city": "Brovary",
    "operator": ""
},{
    "iso_code": "ua",
    "mask": "+380(4495)_-__-__",
    "region": "Oblast Kiew",
    "city": "Borispol",
    "operator": ""
},{
    "iso_code": "ua",
    "mask": "+380(4496)_-__-__",
    "region": "Oblast Kiew",
    "city": "Dymer",
    "operator": ""
},{
    "iso_code": "ua",
    "mask": "+380(4497)_-__-__",
    "region": "Oblast Kiew",
    "city": "Bucha",
    "operator": ""
},{
    "iso_code": "ua",
    "mask": "+380(4498)_-__-__",
    "region": "Oblast Kiew",
    "city": "Bojarka",
    "operator": ""
},{
    "iso_code": "ua",
    "mask": "+380(46)___-__-__",
    "region": "Das Gebiet von Chernigov",
    "city": "Tschernigow",
    "operator": ""
},{
    "iso_code": "ua",
    "mask": "+380(462)__-__-__",
    "region": "Das Gebiet von Chernigov",
    "city": "Tschernigow",
    "operator": ""
},{
    "iso_code": "ua",
    "mask": "+380(4622)_-__-__",
    "region": "Das Gebiet von Chernigov",
    "city": "Tschernigow",
    "operator": ""
},{
    "iso_code": "ua",
    "mask": "+380(4631)_-__-__",
    "region": "Das Gebiet von Chernigov",
    "city": "Лосиновка",
    "operator": ""
},{
    "iso_code": "ua",
    "mask": "+380(4632)_-__-__",
    "region": "Das Gebiet von Chernigov",
    "city": "Бобровица",
    "operator": ""
},{
    "iso_code": "ua",
    "mask": "+380(4633)_-__-__",
    "region": "Das Gebiet von Chernigov",
    "city": "Freundschaft",
    "operator": ""
},{
    "iso_code": "ua",
    "mask": "+380(4634)_-__-__",
    "region": "Das Gebiet von Chernigov",
    "city": "Талалаевка",
    "operator": ""
},{
    "iso_code": "ua",
    "mask": "+380(4635)_-__-__",
    "region": "Das Gebiet von Chernigov",
    "city": "Bachmatsch",
    "operator": ""
},{
    "iso_code": "ua",
    "mask": "+380(4636)_-__-__",
    "region": "Das Gebiet von Chernigov",
    "city": "Varna",
    "operator": ""
},{
    "iso_code": "ua",
    "mask": "+380(4637)_-__-__",
    "region": "Das Gebiet von Chernigov",
    "city": "Weihrauch",
    "operator": ""
},{
    "iso_code": "ua",
    "mask": "+380(4639)_-__-__",
    "region": "Das Gebiet von Chernigov",
    "city": "Dihtyari",
    "operator": ""
},{
    "iso_code": "ua",
    "mask": "+380(4641)_-__-__",
    "region": "Das Gebiet von Chernigov",
    "city": "Dobrjanka",
    "operator": ""
},{
    "iso_code": "ua",
    "mask": "+380(4642)_-__-__",
    "region": "Das Gebiet von Chernigov",
    "city": "Носовка",
    "operator": ""
},{
    "iso_code": "ua",
    "mask": "+380(4643)_-__-__",
    "region": "Das Gebiet von Chernigov",
    "city": "Куликовка",
    "operator": ""
},{
    "iso_code": "ua",
    "mask": "+380(4644)_-__-__",
    "region": "Das Gebiet von Chernigov",
    "city": "Березна",
    "operator": ""
},{
    "iso_code": "ua",
    "mask": "+380(4645)_-__-__",
    "region": "Das Gebiet von Chernigov",
    "city": "Gorodnya",
    "operator": ""
},{
    "iso_code": "ua",
    "mask": "+380(4646)_-__-__",
    "region": "Das Gebiet von Chernigov",
    "city": "Das Zahnfleisch",
    "operator": ""
},{
    "iso_code": "ua",
    "mask": "+380(4653)_-__-__",
    "region": "Das Gebiet von Chernigov",
    "city": "Borsna",
    "operator": ""
},{
    "iso_code": "ua",
    "mask": "+380(4654)_-__-__",
    "region": "Das Gebiet von Chernigov",
    "city": "Schtschors",
    "operator": ""
},{
    "iso_code": "ua",
    "mask": "+380(4655)_-__-__",
    "region": "Das Gebiet von Chernigov",
    "city": "Sośnica",
    "operator": ""
},{
    "iso_code": "ua",
    "mask": "+380(4656)_-__-__",
    "region": "Das Gebiet von Chernigov",
    "city": "Korop",
    "operator": ""
},{
    "iso_code": "ua",
    "mask": "+380(4657)_-__-__",
    "region": "Das Gebiet von Chernigov",
    "city": "Hügel",
    "operator": ""
},{
    "iso_code": "ua",
    "mask": "+380(4658)_-__-__",
    "region": "Das Gebiet von Chernigov",
    "city": "Nowhorod-Siwerskyj",
    "operator": ""
},{
    "iso_code": "ua",
    "mask": "+380(4659)_-__-__",
    "region": "Das Gebiet von Chernigov",
    "city": "Semeniwka",
    "operator": ""
},{
    "iso_code": "ua",
    "mask": "+380(47)___-__-__",
    "region": "Cherkasy Region",
    "city": "Tscherkassy",
    "operator": ""
},{
    "iso_code": "ua",
    "mask": "+380(472)__-__-__",
    "region": "Cherkasy Region",
    "city": "Tscherkassy",
    "operator": ""
},{
    "iso_code": "ua",
    "mask": "+380(4722)_-__-__",
    "region": "Cherkasy Region",
    "city": "Ирдынь",
    "operator": ""
},{
    "iso_code": "ua",
    "mask": "+380(4730)_-__-__",
    "region": "Cherkasy Region",
    "city": "Tschigirin",
    "operator": ""
},{
    "iso_code": "ua",
    "mask": "+380(4731)_-__-__",
    "region": "Cherkasy Region",
    "city": "Tscherkassy",
    "operator": ""
},{
    "iso_code": "ua",
    "mask": "+380(4732)_-__-__",
    "region": "Cherkasy Region",
    "city": "Kamenka",
    "operator": ""
},{
    "iso_code": "ua",
    "mask": "+380(4733)_-__-__",
    "region": "Cherkasy Region",
    "city": "Ротмистровка",
    "operator": ""
},{
    "iso_code": "ua",
    "mask": "+380(4734)_-__-__",
    "region": "Cherkasy Region",
    "city": "Gorodischtsche",
    "operator": ""
},{
    "iso_code": "ua",
    "mask": "+380(4735)_-__-__",
    "region": "Cherkasy Region",
    "city": "Korsun-Shevchenko",
    "operator": ""
},{
    "iso_code": "ua",
    "mask": "+380(4736)_-__-__",
    "region": "Cherkasy Region",
    "city": "Kanev",
    "operator": ""
},{
    "iso_code": "ua",
    "mask": "+380(4737)_-__-__",
    "region": "Cherkasy Region",
    "city": "Solotonoscha",
    "operator": ""
},{
    "iso_code": "ua",
    "mask": "+380(4738)_-__-__",
    "region": "Cherkasy Region",
    "city": "Драбов",
    "operator": ""
},{
    "iso_code": "ua",
    "mask": "+380(4739)_-__-__",
    "region": "Cherkasy Region",
    "city": "Chernobay",
    "operator": ""
},{
    "iso_code": "ua",
    "mask": "+380(4740)_-__-__",
    "region": "Cherkasy Region",
    "city": "Vatutino",
    "operator": ""
},{
    "iso_code": "ua",
    "mask": "+380(4741)_-__-__",
    "region": "Cherkasy Region",
    "city": "Schpola",
    "operator": ""
},{
    "iso_code": "ua",
    "mask": "+380(4742)_-__-__",
    "region": "Cherkasy Region",
    "city": "Катеринополь",
    "operator": ""
},{
    "iso_code": "ua",
    "mask": "+380(4744)_-__-__",
    "region": "Cherkasy Region",
    "city": "Uman",
    "operator": ""
},{
    "iso_code": "ua",
    "mask": "+380(4745)_-__-__",
    "region": "Cherkasy Region",
    "city": "Христиновка",
    "operator": ""
},{
    "iso_code": "ua",
    "mask": "+380(4746)_-__-__",
    "region": "Cherkasy Region",
    "city": "Monastyryschtsche",
    "operator": ""
},{
    "iso_code": "ua",
    "mask": "+380(4747)_-__-__",
    "region": "Cherkasy Region",
    "city": "Schaschkiw",
    "operator": ""
},{
    "iso_code": "ua",
    "mask": "+380(4748)_-__-__",
    "region": "Cherkasy Region",
    "city": "Buchen",
    "operator": ""
},{
    "iso_code": "ua",
    "mask": "+380(4749)_-__-__",
    "region": "Cherkasy Region",
    "city": "Lysjanka",
    "operator": ""
},{
    "iso_code": "ua",
    "mask": "+380(48)___-__-__",
    "region": "Oblast Odessa",
    "city": "Odessa",
    "operator": ""
},{
    "iso_code": "ua",
    "mask": "+380(482)__-__-__",
    "region": "Oblast Odessa",
    "city": "Neue Беляры",
    "operator": ""
},{
    "iso_code": "ua",
    "mask": "+380(4840)_-__-__",
    "region": "Oblast Odessa",
    "city": "Reni",
    "operator": ""
},{
    "iso_code": "ua",
    "mask": "+380(4841)_-__-__",
    "region": "Oblast Odessa",
    "city": "Ismael",
    "operator": ""
},{
    "iso_code": "ua",
    "mask": "+380(4843)_-__-__",
    "region": "Oblast Odessa",
    "city": "Kilija",
    "operator": ""
},{
    "iso_code": "ua",
    "mask": "+380(4844)_-__-__",
    "region": "Oblast Odessa",
    "city": "Татарбунары",
    "operator": ""
},{
    "iso_code": "ua",
    "mask": "+380(4845)_-__-__",
    "region": "Oblast Odessa",
    "city": "Arzis",
    "operator": ""
},{
    "iso_code": "ua",
    "mask": "+380(4846)_-__-__",
    "region": "Oblast Odessa",
    "city": "Bolgrad",
    "operator": ""
},{
    "iso_code": "ua",
    "mask": "+380(4847)_-__-__",
    "region": "Oblast Odessa",
    "city": "Beresyne",
    "operator": ""
},{
    "iso_code": "ua",
    "mask": "+380(4848)_-__-__",
    "region": "Oblast Odessa",
    "city": "Sarata",
    "operator": ""
},{
    "iso_code": "ua",
    "mask": "+380(4849)_-__-__",
    "region": "Oblast Odessa",
    "city": "Belgorod-Dniester",
    "operator": ""
},{
    "iso_code": "ua",
    "mask": "+380(4851)_-__-__",
    "region": "Oblast Odessa",
    "city": "Owidiopol",
    "operator": ""
},{
    "iso_code": "ua",
    "mask": "+380(4852)_-__-__",
    "region": "Oblast Odessa",
    "city": "Belyaevka",
    "operator": ""
},{
    "iso_code": "ua",
    "mask": "+380(4853)_-__-__",
    "region": "Oblast Odessa",
    "city": "Lymans ' ke",
    "operator": ""
},{
    "iso_code": "ua",
    "mask": "+380(4854)_-__-__",
    "region": "Oblast Odessa",
    "city": "Ivanovka",
    "operator": ""
},{
    "iso_code": "ua",
    "mask": "+380(4855)_-__-__",
    "region": "Oblast Odessa",
    "city": "Коминтерновское",
    "operator": ""
},{
    "iso_code": "ua",
    "mask": "+380(4856)_-__-__",
    "region": "Oblast Odessa",
    "city": "Beresiwka",
    "operator": ""
},{
    "iso_code": "ua",
    "mask": "+380(4858)_-__-__",
    "region": "Oblast Odessa",
    "city": "Ширяево",
    "operator": ""
},{
    "iso_code": "ua",
    "mask": "+380(4859)_-__-__",
    "region": "Oblast Odessa",
    "city": "Цебриково",
    "operator": ""
},{
    "iso_code": "ua",
    "mask": "+380(4860)_-__-__",
    "region": "Oblast Odessa",
    "city": "Фрунзовка",
    "operator": ""
},{
    "iso_code": "ua",
    "mask": "+380(4861)_-__-__",
    "region": "Oblast Odessa",
    "city": "Okny",
    "operator": ""
},{
    "iso_code": "ua",
    "mask": "+380(4862)_-__-__",
    "region": "Oblast Odessa",
    "city": "Kotovsk",
    "operator": ""
},{
    "iso_code": "ua",
    "mask": "+380(4864)_-__-__",
    "region": "Oblast Odessa",
    "city": "Lyubashevka",
    "operator": ""
},{
    "iso_code": "ua",
    "mask": "+380(4865)_-__-__",
    "region": "Oblast Odessa",
    "city": "Саврань",
    "operator": ""
},{
    "iso_code": "ua",
    "mask": "+380(4866)_-__-__",
    "region": "Oblast Odessa",
    "city": "Balta",
    "operator": ""
},{
    "iso_code": "ua",
    "mask": "+380(4867)_-__-__",
    "region": "Oblast Odessa",
    "city": "Kodym",
    "operator": ""
},{
    "iso_code": "ua",
    "mask": "+380(4868)_-__-__",
    "region": "Oblast Odessa",
    "city": "Ilichevsk",
    "operator": ""
},{
    "iso_code": "ua",
    "mask": "+380(51)___-__-__",
    "region": "Das Gebiet von Nikolaev",
    "city": "Nikolaev",
    "operator": ""
},{
    "iso_code": "ua",
    "mask": "+380(512)__-__-__",
    "region": "Das Gebiet von Nikolaev",
    "city": "Nikolaev",
    "operator": ""
},{
    "iso_code": "ua",
    "mask": "+380(5131)_-__-__",
    "region": "Das Gebiet von Nikolaev",
    "city": "Brüderlich",
    "operator": ""
},{
    "iso_code": "ua",
    "mask": "+380(5132)_-__-__",
    "region": "Das Gebiet von Nikolaev",
    "city": "Arbuzinka",
    "operator": ""
},{
    "iso_code": "ua",
    "mask": "+380(5133)_-__-__",
    "region": "Das Gebiet von Nikolaev",
    "city": "Der Kurvensee",
    "operator": ""
},{
    "iso_code": "ua",
    "mask": "+380(5134)_-__-__",
    "region": "Das Gebiet von Nikolaev",
    "city": "Aleksandrovka",
    "operator": ""
},{
    "iso_code": "ua",
    "mask": "+380(5135)_-__-__",
    "region": "Das Gebiet von Nikolaev",
    "city": "Von vradiyevk",
    "operator": ""
},{
    "iso_code": "ua",
    "mask": "+380(5136)_-__-__",
    "region": "Das Gebiet von Nikolaev",
    "city": "Juschnoukrajinsk",
    "operator": ""
},{
    "iso_code": "ua",
    "mask": "+380(5151)_-__-__",
    "region": "Das Gebiet von Nikolaev",
    "city": "Neuer Programmfehler",
    "operator": ""
},{
    "iso_code": "ua",
    "mask": "+380(5152)_-__-__",
    "region": "Das Gebiet von Nikolaev",
    "city": "Domanevka",
    "operator": ""
},{
    "iso_code": "ua",
    "mask": "+380(5153)_-__-__",
    "region": "Das Gebiet von Nikolaev",
    "city": "Berezanka",
    "operator": ""
},{
    "iso_code": "ua",
    "mask": "+380(5154)_-__-__",
    "region": "Das Gebiet von Nikolaev",
    "city": "Otschakiw",
    "operator": ""
},{
    "iso_code": "ua",
    "mask": "+380(5158)_-__-__",
    "region": "Das Gebiet von Nikolaev",
    "city": "Bashtanka",
    "operator": ""
},{
    "iso_code": "ua",
    "mask": "+380(5159)_-__-__",
    "region": "Das Gebiet von Nikolaev",
    "city": "Elanets",
    "operator": ""
},{
    "iso_code": "ua",
    "mask": "+380(5161)_-__-__",
    "region": "Das Gebiet von Nikolaev",
    "city": "Pervomaisk",
    "operator": ""
},{
    "iso_code": "ua",
    "mask": "+380(5162)_-__-__",
    "region": "Das Gebiet von Nikolaev",
    "city": "Snigirevka",
    "operator": ""
},{
    "iso_code": "ua",
    "mask": "+380(5163)_-__-__",
    "region": "Das Gebiet von Nikolaev",
    "city": "Кудрявцевка",
    "operator": ""
},{
    "iso_code": "ua",
    "mask": "+380(5164)_-__-__",
    "region": "Das Gebiet von Nikolaev",
    "city": "Kazanka",
    "operator": ""
},{
    "iso_code": "ua",
    "mask": "+380(5167)_-__-__",
    "region": "Das Gebiet von Nikolaev",
    "city": "Neuer Odessa",
    "operator": ""
},{
    "iso_code": "ua",
    "mask": "+380(5168)_-__-__",
    "region": "Das Gebiet von Nikolaev",
    "city": "Bereznegovatoye",
    "operator": ""
},{
    "iso_code": "ua",
    "mask": "+380(52)___-__-__",
    "region": "Kirovohrad Region",
    "city": "Kirovograd",
    "operator": ""
},{
    "iso_code": "ua",
    "mask": "+380(522)__-__-__",
    "region": "Kirovohrad Region",
    "city": "Kirovograd",
    "operator": ""
},{
    "iso_code": "ua",
    "mask": "+380(5233)_-__-__",
    "region": "Kirovohrad Region",
    "city": "Znamenka",
    "operator": ""
},{
    "iso_code": "ua",
    "mask": "+380(5234)_-__-__",
    "region": "Kirovohrad Region",
    "city": "Dolinskaya",
    "operator": ""
},{
    "iso_code": "ua",
    "mask": "+380(5235)_-__-__",
    "region": "Kirovohrad Region",
    "city": "Димитрово",
    "operator": ""
},{
    "iso_code": "ua",
    "mask": "+380(5236)_-__-__",
    "region": "Kirovohrad Region",
    "city": "Switlowodsk",
    "operator": ""
},{
    "iso_code": "ua",
    "mask": "+380(5237)_-__-__",
    "region": "Kirovohrad Region",
    "city": "Petrovo",
    "operator": ""
},{
    "iso_code": "ua",
    "mask": "+380(5238)_-__-__",
    "region": "Kirovohrad Region",
    "city": "Onufriivka",
    "operator": ""
},{
    "iso_code": "ua",
    "mask": "+380(5239)_-__-__",
    "region": "Kirovohrad Region",
    "city": "Ustinovka",
    "operator": ""
},{
    "iso_code": "ua",
    "mask": "+380(5240)_-__-__",
    "region": "Kirovohrad Region",
    "city": "Компанеевка",
    "operator": ""
},{
    "iso_code": "ua",
    "mask": "+380(5241)_-__-__",
    "region": "Kirovohrad Region",
    "city": "Новгородка",
    "operator": ""
},{
    "iso_code": "ua",
    "mask": "+380(5242)_-__-__",
    "region": "Kirovohrad Region",
    "city": "Aleksandrovka",
    "operator": ""
},{
    "iso_code": "ua",
    "mask": "+380(5250)_-__-__",
    "region": "Kirovohrad Region",
    "city": "Ольшанка",
    "operator": ""
},{
    "iso_code": "ua",
    "mask": "+380(5251)_-__-__",
    "region": "Kirovohrad Region",
    "city": "Nowoukrajinka",
    "operator": ""
},{
    "iso_code": "ua",
    "mask": "+380(5252)_-__-__",
    "region": "Kirovohrad Region",
    "city": "Golovanevsk",
    "operator": ""
},{
    "iso_code": "ua",
    "mask": "+380(5253)_-__-__",
    "region": "Kirovohrad Region",
    "city": "Добровеличковка",
    "operator": ""
},{
    "iso_code": "ua",
    "mask": "+380(5254)_-__-__",
    "region": "Kirovohrad Region",
    "city": "Гайворон",
    "operator": ""
},{
    "iso_code": "ua",
    "mask": "+380(5255)_-__-__",
    "region": "Kirovohrad Region",
    "city": "Novoarkhanhel",
    "operator": ""
},{
    "iso_code": "ua",
    "mask": "+380(5256)_-__-__",
    "region": "Kirovohrad Region",
    "city": "Капитановка",
    "operator": ""
},{
    "iso_code": "ua",
    "mask": "+380(5257)_-__-__",
    "region": "Kirovohrad Region",
    "city": "Бобринец",
    "operator": ""
},{
    "iso_code": "ua",
    "mask": "+380(5258)_-__-__",
    "region": "Kirovohrad Region",
    "city": "Malaya Viska",
    "operator": ""
},{
    "iso_code": "ua",
    "mask": "+380(5259)_-__-__",
    "region": "Kirovohrad Region",
    "city": "Der Einwohner von Ulyanovsk",
    "operator": ""
},{
    "iso_code": "ua",
    "mask": "+380(53)___-__-__",
    "region": "Gebiet von Poltava",
    "city": "Poltava",
    "operator": ""
},{
    "iso_code": "ua",
    "mask": "+380(532)__-__-__",
    "region": "Gebiet von Poltava",
    "city": "Poltava",
    "operator": ""
},{
    "iso_code": "ua",
    "mask": "+380(5340)_-__-__",
    "region": "Gebiet von Poltava",
    "city": "Tschornuchy",
    "operator": ""
},{
    "iso_code": "ua",
    "mask": "+380(5341)_-__-__",
    "region": "Gebiet von Poltava",
    "city": "Semeniwka",
    "operator": ""
},{
    "iso_code": "ua",
    "mask": "+380(5342)_-__-__",
    "region": "Gebiet von Poltava",
    "city": "Козельщина",
    "operator": ""
},{
    "iso_code": "ua",
    "mask": "+380(5343)_-__-__",
    "region": "Gebiet von Poltava",
    "city": "Sankt-PETERBURG",
    "operator": ""
},{
    "iso_code": "ua",
    "mask": "+380(5344)_-__-__",
    "region": "Gebiet von Poltava",
    "city": "Sangary",
    "operator": ""
},{
    "iso_code": "ua",
    "mask": "+380(5345)_-__-__",
    "region": "Gebiet von Poltava",
    "city": "Gogolevo",
    "operator": ""
},{
    "iso_code": "ua",
    "mask": "+380(5346)_-__-__",
    "region": "Gebiet von Poltava",
    "city": "Karlivka",
    "operator": ""
},{
    "iso_code": "ua",
    "mask": "+380(5347)_-__-__",
    "region": "Gebiet von Poltava",
    "city": "Артемовка",
    "operator": ""
},{
    "iso_code": "ua",
    "mask": "+380(5348)_-__-__",
    "region": "Gebiet von Poltava",
    "city": "Komsomolsk",
    "operator": ""
},{
    "iso_code": "ua",
    "mask": "+380(5350)_-__-__",
    "region": "Gebiet von Poltava",
    "city": "Котельва",
    "operator": ""
},{
    "iso_code": "ua",
    "mask": "+380(5351)_-__-__",
    "region": "Gebiet von Poltava",
    "city": "Dykanka",
    "operator": ""
},{
    "iso_code": "ua",
    "mask": "+380(5352)_-__-__",
    "region": "Gebiet von Poltava",
    "city": "Schyschaky",
    "operator": ""
},{
    "iso_code": "ua",
    "mask": "+380(5353)_-__-__",
    "region": "Gebiet von Poltava",
    "city": "Oposhnja",
    "operator": ""
},{
    "iso_code": "ua",
    "mask": "+380(5354)_-__-__",
    "region": "Gebiet von Poltava",
    "city": "Gadyach",
    "operator": ""
},{
    "iso_code": "ua",
    "mask": "+380(5355)_-__-__",
    "region": "Gebiet von Poltava",
    "city": "Komyshnya",
    "operator": ""
},{
    "iso_code": "ua",
    "mask": "+380(5356)_-__-__",
    "region": "Gebiet von Poltava",
    "city": "Червонозаводское",
    "operator": ""
},{
    "iso_code": "ua",
    "mask": "+380(5357)_-__-__",
    "region": "Gebiet von Poltava",
    "city": "Новооржицкое",
    "operator": ""
},{
    "iso_code": "ua",
    "mask": "+380(5358)_-__-__",
    "region": "Gebiet von Poltava",
    "city": "Pyrjatyn",
    "operator": ""
},{
    "iso_code": "ua",
    "mask": "+380(5359)_-__-__",
    "region": "Gebiet von Poltava",
    "city": "Kamm",
    "operator": ""
},{
    "iso_code": "ua",
    "mask": "+380(53615)__-__",
    "region": "Gebiet von Poltava",
    "city": "Lubna",
    "operator": ""
},{
    "iso_code": "ua",
    "mask": "+380(5362)_-__-__",
    "region": "Gebiet von Poltava",
    "city": "Khorol",
    "operator": ""
},{
    "iso_code": "ua",
    "mask": "+380(5363)_-__-__",
    "region": "Gebiet von Poltava",
    "city": "Reshetilovka",
    "operator": ""
},{
    "iso_code": "ua",
    "mask": "+380(5364)_-__-__",
    "region": "Gebiet von Poltava",
    "city": "Машевка",
    "operator": ""
},{
    "iso_code": "ua",
    "mask": "+380(5365)_-__-__",
    "region": "Gebiet von Poltava",
    "city": "Globino",
    "operator": ""
},{
    "iso_code": "ua",
    "mask": "+380(54)___-__-__",
    "region": "Bereich von Sumy",
    "city": "Sumy",
    "operator": ""
},{
    "iso_code": "ua",
    "mask": "+380(542)__-__-__",
    "region": "Bereich von Sumy",
    "city": "Chotyn",
    "operator": ""
},{
    "iso_code": "ua",
    "mask": "+380(5422)_-__-__",
    "region": "Bereich von Sumy",
    "city": "Stepanovka",
    "operator": ""
},{
    "iso_code": "ua",
    "mask": "+380(5442)_-__-__",
    "region": "Bereich von Sumy",
    "city": "Putiwl",
    "operator": ""
},{
    "iso_code": "ua",
    "mask": "+380(5443)_-__-__",
    "region": "Bereich von Sumy",
    "city": "Bilopillja",
    "operator": ""
},{
    "iso_code": "ua",
    "mask": "+380(5444)_-__-__",
    "region": "Bereich von Sumy",
    "city": "Tscherwonoje",
    "operator": ""
},{
    "iso_code": "ua",
    "mask": "+380(5445)_-__-__",
    "region": "Bereich von Sumy",
    "city": "Лебедин",
    "operator": ""
},{
    "iso_code": "ua",
    "mask": "+380(5446)_-__-__",
    "region": "Bereich von Sumy",
    "city": "Чупаховка",
    "operator": ""
},{
    "iso_code": "ua",
    "mask": "+380(5447)_-__-__",
    "region": "Bereich von Sumy",
    "city": "Дубовязовка",
    "operator": ""
},{
    "iso_code": "ua",
    "mask": "+380(5448)_-__-__",
    "region": "Bereich von Sumy",
    "city": "Romney",
    "operator": ""
},{
    "iso_code": "ua",
    "mask": "+380(5449)_-__-__",
    "region": "Bereich von Sumy",
    "city": "Schostka",
    "operator": ""
},{
    "iso_code": "ua",
    "mask": "+380(5451)_-__-__",
    "region": "Bereich von Sumy",
    "city": "Die Mitte-Buda",
    "operator": ""
},{
    "iso_code": "ua",
    "mask": "+380(5452)_-__-__",
    "region": "Bereich von Sumy",
    "city": "Kalk-Tal",
    "operator": ""
},{
    "iso_code": "ua",
    "mask": "+380(5453)_-__-__",
    "region": "Bereich von Sumy",
    "city": "Krolevets",
    "operator": ""
},{
    "iso_code": "ua",
    "mask": "+380(5454)_-__-__",
    "region": "Bereich von Sumy",
    "city": "Buryn'",
    "operator": ""
},{
    "iso_code": "ua",
    "mask": "+380(5455)_-__-__",
    "region": "Bereich von Sumy",
    "city": "Недригайлов",
    "operator": ""
},{
    "iso_code": "ua",
    "mask": "+380(5456)_-__-__",
    "region": "Bereich von Sumy",
    "city": "Freundschaft",
    "operator": ""
},{
    "iso_code": "ua",
    "mask": "+380(5457)_-__-__",
    "region": "Bereich von Sumy",
    "city": "Кириковка",
    "operator": ""
},{
    "iso_code": "ua",
    "mask": "+380(5458)_-__-__",
    "region": "Bereich von Sumy",
    "city": "Trostjanez",
    "operator": ""
},{
    "iso_code": "ua",
    "mask": "+380(5459)_-__-__",
    "region": "Bereich von Sumy",
    "city": "Krasnapollye",
    "operator": ""
},{
    "iso_code": "ua",
    "mask": "+380(55)___-__-__",
    "region": "Die Oblast Cherson",
    "city": "Kherson",
    "operator": ""
},{
    "iso_code": "ua",
    "mask": "+380(552)__-__-__",
    "region": "Die Oblast Cherson",
    "city": "Kherson",
    "operator": ""
},{
    "iso_code": "ua",
    "mask": "+380(5530)_-__-__",
    "region": "Die Oblast Cherson",
    "city": "Kalanchak",
    "operator": ""
},{
    "iso_code": "ua",
    "mask": "+380(5531)_-__-__",
    "region": "Die Oblast Cherson",
    "city": "Ivanovka",
    "operator": ""
},{
    "iso_code": "ua",
    "mask": "+380(5532)_-__-__",
    "region": "Die Oblast Cherson",
    "city": "Weißer Krinitsa",
    "operator": ""
},{
    "iso_code": "ua",
    "mask": "+380(5533)_-__-__",
    "region": "Die Oblast Cherson",
    "city": "Нововоронцовка",
    "operator": ""
},{
    "iso_code": "ua",
    "mask": "+380(5534)_-__-__",
    "region": "Die Oblast Cherson",
    "city": "Genichesk",
    "operator": ""
},{
    "iso_code": "ua",
    "mask": "+380(5535)_-__-__",
    "region": "Die Oblast Cherson",
    "city": "Archangelsk",
    "operator": ""
},{
    "iso_code": "ua",
    "mask": "+380(5536)_-__-__",
    "region": "Die Oblast Cherson",
    "city": "Kakhovka",
    "operator": ""
},{
    "iso_code": "ua",
    "mask": "+380(5537)_-__-__",
    "region": "Die Oblast Cherson",
    "city": "Antonowka",
    "operator": ""
},{
    "iso_code": "ua",
    "mask": "+380(5538)_-__-__",
    "region": "Die Oblast Cherson",
    "city": "Askania-Nowa",
    "operator": ""
},{
    "iso_code": "ua",
    "mask": "+380(5539)_-__-__",
    "region": "Die Oblast Cherson",
    "city": "Prystan",
    "operator": ""
},{
    "iso_code": "ua",
    "mask": "+380(5540)_-__-__",
    "region": "Die Oblast Cherson",
    "city": "Sirohozy",
    "operator": ""
},{
    "iso_code": "ua",
    "mask": "+380(5542)_-__-__",
    "region": "Die Oblast Cherson",
    "city": "Брилевка",
    "operator": ""
},{
    "iso_code": "ua",
    "mask": "+380(55431)__-__",
    "region": "Die Oblast Cherson",
    "city": "Рубановка",
    "operator": ""
},{
    "iso_code": "ua",
    "mask": "+380(5544)_-__-__",
    "region": "Die Oblast Cherson",
    "city": "Preise",
    "operator": ""
},{
    "iso_code": "ua",
    "mask": "+380(5545)_-__-__",
    "region": "Die Oblast Cherson",
    "city": "Obere Рогачик",
    "operator": ""
},{
    "iso_code": "ua",
    "mask": "+380(5546)_-__-__",
    "region": "Die Oblast Cherson",
    "city": "Beryslaw",
    "operator": ""
},{
    "iso_code": "ua",
    "mask": "+380(5547)_-__-__",
    "region": "Die Oblast Cherson",
    "city": "Bilozerka",
    "operator": ""
},{
    "iso_code": "ua",
    "mask": "+380(5548)_-__-__",
    "region": "Die Oblast Cherson",
    "city": "Novotroitsk",
    "operator": ""
},{
    "iso_code": "ua",
    "mask": "+380(5549)_-__-__",
    "region": "Die Oblast Cherson",
    "city": "Nowa Kachowka",
    "operator": ""
},{
    "iso_code": "ua",
    "mask": "+380(56)___-__-__",
    "region": "Dnipropetrovsk Region",
    "city": "Dnepropetrovsk",
    "operator": ""
},{
    "iso_code": "ua",
    "mask": "+380(5610)_-__-__",
    "region": "Dnipropetrovsk Region",
    "city": "Царичанка",
    "operator": ""
},{
    "iso_code": "ua",
    "mask": "+380(5611)_-__-__",
    "region": "Dnipropetrovsk Region",
    "city": "Магдалиновка",
    "operator": ""
},{
    "iso_code": "ua",
    "mask": "+380(5612)_-__-__",
    "region": "Dnipropetrovsk Region",
    "city": "Gubacha",
    "operator": ""
},{
    "iso_code": "ua",
    "mask": "+380(5615)_-__-__",
    "region": "Dnipropetrovsk Region",
    "city": "Синельниково",
    "operator": ""
},{
    "iso_code": "ua",
    "mask": "+380(5616)_-__-__",
    "region": "Dnipropetrovsk Region",
    "city": "Salzig",
    "operator": ""
},{
    "iso_code": "ua",
    "mask": "+380(5617)_-__-__",
    "region": "Dnipropetrovsk Region",
    "city": "Аулы",
    "operator": ""
},{
    "iso_code": "ua",
    "mask": "+380(5618)_-__-__",
    "region": "Dnipropetrovsk Region",
    "city": "Nowomykolajiwka",
    "operator": ""
},{
    "iso_code": "ua",
    "mask": "+380(562)__-__-__",
    "region": "Dnipropetrovsk Region",
    "city": "Dnepropetrovsk",
    "operator": ""
},{
    "iso_code": "ua",
    "mask": "+380(564)__-__-__",
    "region": "Dnipropetrovsk Region",
    "city": "Krivoy Rog",
    "operator": ""
},{
    "iso_code": "ua",
    "mask": "+380(5650)_-__-__",
    "region": "Dnipropetrovsk Region",
    "city": "Sofijiwka",
    "operator": ""
},{
    "iso_code": "ua",
    "mask": "+380(56510)__-__",
    "region": "Dnipropetrovsk Region",
    "city": "Pjatychatky",
    "operator": ""
},{
    "iso_code": "ua",
    "mask": "+380(5652)_-__-__",
    "region": "Dnipropetrovsk Region",
    "city": "Gelbe Wasser",
    "operator": ""
},{
    "iso_code": "ua",
    "mask": "+380(5653)_-__-__",
    "region": "Dnipropetrovsk Region",
    "city": "Volnogirsk",
    "operator": ""
},{
    "iso_code": "ua",
    "mask": "+380(5655)_-__-__",
    "region": "Dnipropetrovsk Region",
    "city": "Zelenodolsk",
    "operator": ""
},{
    "iso_code": "ua",
    "mask": "+380(5656)_-__-__",
    "region": "Dnipropetrovsk Region",
    "city": "Apostolovo",
    "operator": ""
},{
    "iso_code": "ua",
    "mask": "+380(5657)_-__-__",
    "region": "Dnipropetrovsk Region",
    "city": "Nikolaevka",
    "operator": ""
},{
    "iso_code": "ua",
    "mask": "+380(5662)_-__-__",
    "region": "Dnipropetrovsk Region",
    "city": "Mietwagen",
    "operator": ""
},{
    "iso_code": "ua",
    "mask": "+380(5665)_-__-__",
    "region": "Dnipropetrovsk Region",
    "city": "Mangan",
    "operator": ""
},{
    "iso_code": "ua",
    "mask": "+380(5667)_-__-__",
    "region": "Dnipropetrovsk Region",
    "city": "Ordzhonikidze",
    "operator": ""
},{
    "iso_code": "ua",
    "mask": "+380(5668)_-__-__",
    "region": "Dnipropetrovsk Region",
    "city": "Томаковка",
    "operator": ""
},{
    "iso_code": "ua",
    "mask": "+380(5670)_-__-__",
    "region": "Dnipropetrovsk Region",
    "city": "Rental",
    "operator": ""
},{
    "iso_code": "ua",
    "mask": "+380(5671)_-__-__",
    "region": "Dnipropetrovsk Region",
    "city": "Petropawliwka",
    "operator": ""
},{
    "iso_code": "ua",
    "mask": "+380(5672)_-__-__",
    "region": "Dnipropetrovsk Region",
    "city": "Pawlohrad",
    "operator": ""
},{
    "iso_code": "ua",
    "mask": "+380(5673)_-__-__",
    "region": "Dnipropetrovsk Region",
    "city": "Першотравенск",
    "operator": ""
},{
    "iso_code": "ua",
    "mask": "+380(5678)_-__-__",
    "region": "Dnipropetrovsk Region",
    "city": "Pokrowskoje",
    "operator": ""
},{
    "iso_code": "ua",
    "mask": "+380(5679)_-__-__",
    "region": "Dnipropetrovsk Region",
    "city": "Chaplin",
    "operator": ""
},{
    "iso_code": "ua",
    "mask": "+380(5692)_-__-__",
    "region": "Dnipropetrovsk Region",
    "city": "Dneprodzerzhinsk",
    "operator": ""
},{
    "iso_code": "ua",
    "mask": "+380(57)___-__-__",
    "region": "Kharkiv Region",
    "city": "Charkow",
    "operator": ""
},{
    "iso_code": "ua",
    "mask": "+380(572)__-__-__",
    "region": "Kharkiv Region",
    "city": "Babai",
    "operator": ""
},{
    "iso_code": "ua",
    "mask": "+380(5733)_-__-__",
    "region": "Kharkiv Region",
    "city": "Коломак",
    "operator": ""
},{
    "iso_code": "ua",
    "mask": "+380(5740)_-__-__",
    "region": "Kharkiv Region",
    "city": "New Vodolaga",
    "operator": ""
},{
    "iso_code": "ua",
    "mask": "+380(5741)_-__-__",
    "region": "Kharkiv Region",
    "city": "Alte Салтов",
    "operator": ""
},{
    "iso_code": "ua",
    "mask": "+380(5742)_-__-__",
    "region": "Kharkiv Region",
    "city": "Ковшаровка",
    "operator": ""
},{
    "iso_code": "ua",
    "mask": "+380(5743)_-__-__",
    "region": "Kharkiv Region",
    "city": "Rosinen",
    "operator": ""
},{
    "iso_code": "ua",
    "mask": "+380(57442)__-__",
    "region": "Kharkiv Region",
    "city": "Krasnohrad",
    "operator": ""
},{
    "iso_code": "ua",
    "mask": "+380(5745)_-__-__",
    "region": "Kharkiv Region",
    "city": "Краснопавловка",
    "operator": ""
},{
    "iso_code": "ua",
    "mask": "+380(5746)_-__-__",
    "region": "Kharkiv Region",
    "city": "Чкаловское",
    "operator": ""
},{
    "iso_code": "ua",
    "mask": "+380(5747)_-__-__",
    "region": "Kharkiv Region",
    "city": "Komsomol",
    "operator": ""
},{
    "iso_code": "ua",
    "mask": "+380(5748)_-__-__",
    "region": "Kharkiv Region",
    "city": "Der erste Mai",
    "operator": ""
},{
    "iso_code": "ua",
    "mask": "+380(5749)_-__-__",
    "region": "Kharkiv Region",
    "city": "Mietwagen",
    "operator": ""
},{
    "iso_code": "ua",
    "mask": "+380(5750)_-__-__",
    "region": "Kharkiv Region",
    "city": "Двуречная",
    "operator": ""
},{
    "iso_code": "ua",
    "mask": "+380(5751)_-__-__",
    "region": "Kharkiv Region",
    "city": "Schewtschenkowe",
    "operator": ""
},{
    "iso_code": "ua",
    "mask": "+380(5752)_-__-__",
    "region": "Kharkiv Region",
    "city": "Приколотное",
    "operator": ""
},{
    "iso_code": "ua",
    "mask": "+380(5753)_-__-__",
    "region": "Kharkiv Region",
    "city": "Ковяги",
    "operator": ""
},{
    "iso_code": "ua",
    "mask": "+380(5754)_-__-__",
    "region": "Kharkiv Region",
    "city": "Близнюки",
    "operator": ""
},{
    "iso_code": "ua",
    "mask": "+380(5755)_-__-__",
    "region": "Kharkiv Region",
    "city": "Чапаево",
    "operator": ""
},{
    "iso_code": "ua",
    "mask": "+380(5756)_-__-__",
    "region": "Kharkiv Region",
    "city": "Konstantinovka",
    "operator": ""
},{
    "iso_code": "ua",
    "mask": "+380(57572)__-__",
    "region": "Kharkiv Region",
    "city": "Barvenkovo",
    "operator": ""
},{
    "iso_code": "ua",
    "mask": "+380(5758)_-__-__",
    "region": "Kharkiv Region",
    "city": "Богодухов",
    "operator": ""
},{
    "iso_code": "ua",
    "mask": "+380(5759)_-__-__",
    "region": "Kharkiv Region",
    "city": "Upland",
    "operator": ""
},{
    "iso_code": "ua",
    "mask": "+380(5761)_-__-__",
    "region": "Kharkiv Region",
    "city": "Зачепиловка",
    "operator": ""
},{
    "iso_code": "ua",
    "mask": "+380(5762)_-__-__",
    "region": "Kharkiv Region",
    "city": "Сахновщина",
    "operator": ""
},{
    "iso_code": "ua",
    "mask": "+380(5763)_-__-__",
    "region": "Kharkiv Region",
    "city": "Cherkasy Lozovaya",
    "operator": ""
},{
    "iso_code": "ua",
    "mask": "+380(5764)_-__-__",
    "region": "Kharkiv Region",
    "city": "Solotschiw",
    "operator": ""
},{
    "iso_code": "ua",
    "mask": "+380(5765)_-__-__",
    "region": "Kharkiv Region",
    "city": "Petschenegen",
    "operator": ""
},{
    "iso_code": "ua",
    "mask": "+380(61)___-__-__",
    "region": "Oblast Saporischschja",
    "city": "Zaporozhye",
    "operator": ""
},{
    "iso_code": "ua",
    "mask": "+380(612)__-__-__",
    "region": "Oblast Saporischschja",
    "city": "Балабино",
    "operator": ""
},{
    "iso_code": "ua",
    "mask": "+380(6131)_-__-__",
    "region": "Oblast Saporischschja",
    "city": "Kyrylivka",
    "operator": ""
},{
    "iso_code": "ua",
    "mask": "+380(6132)_-__-__",
    "region": "Oblast Saporischschja",
    "city": "Mychajliwka",
    "operator": ""
},{
    "iso_code": "ua",
    "mask": "+380(6133)_-__-__",
    "region": "Oblast Saporischschja",
    "city": "Нововасилевка",
    "operator": ""
},{
    "iso_code": "ua",
    "mask": "+380(6136)_-__-__",
    "region": "Oblast Saporischschja",
    "city": "Spaß",
    "operator": ""
},{
    "iso_code": "ua",
    "mask": "+380(6137)_-__-__",
    "region": "Oblast Saporischschja",
    "city": "Prymors",
    "operator": ""
},{
    "iso_code": "ua",
    "mask": "+380(6138)_-__-__",
    "region": "Oblast Saporischschja",
    "city": "Kamenka-Dneprovskaya",
    "operator": ""
},{
    "iso_code": "ua",
    "mask": "+380(6139)_-__-__",
    "region": "Oblast Saporischschja",
    "city": "Enerhodar",
    "operator": ""
},{
    "iso_code": "ua",
    "mask": "+380(6140)_-__-__",
    "region": "Oblast Saporischschja",
    "city": "Черниговка",
    "operator": ""
},{
    "iso_code": "ua",
    "mask": "+380(6141)_-__-__",
    "region": "Oblast Saporischschja",
    "city": "Kamyshevakh",
    "operator": ""
},{
    "iso_code": "ua",
    "mask": "+380(6142)_-__-__",
    "region": "Oblast Saporischschja",
    "city": "Melitopol",
    "operator": ""
},{
    "iso_code": "ua",
    "mask": "+380(6143)_-__-__",
    "region": "Oblast Saporischschja",
    "city": "Вольнянск",
    "operator": ""
},{
    "iso_code": "ua",
    "mask": "+380(6144)_-__-__",
    "region": "Oblast Saporischschja",
    "city": "Nowomykolajiwka",
    "operator": ""
},{
    "iso_code": "ua",
    "mask": "+380(6145)_-__-__",
    "region": "Oblast Saporischschja",
    "city": "Huljajpole",
    "operator": ""
},{
    "iso_code": "ua",
    "mask": "+380(6147)_-__-__",
    "region": "Oblast Saporischschja",
    "city": "Das Schilf-Die Morgenröte",
    "operator": ""
},{
    "iso_code": "ua",
    "mask": "+380(6153)_-__-__",
    "region": "Oblast Saporischschja",
    "city": "Berdjansk",
    "operator": ""
},{
    "iso_code": "ua",
    "mask": "+380(6162)_-__-__",
    "region": "Oblast Saporischschja",
    "city": "Розовка",
    "operator": ""
},{
    "iso_code": "ua",
    "mask": "+380(6165)_-__-__",
    "region": "Oblast Saporischschja",
    "city": "Vordächer",
    "operator": ""
},{
    "iso_code": "ua",
    "mask": "+380(6175)_-__-__",
    "region": "Oblast Saporischschja",
    "city": "Днепрорудное",
    "operator": ""
},{
    "iso_code": "ua",
    "mask": "+380(6178)_-__-__",
    "region": "Oblast Saporischschja",
    "city": "Tokmak",
    "operator": ""
},{
    "iso_code": "ua",
    "mask": "+380(62)___-__-__",
    "region": "Gebiet von Donetsk",
    "city": "Donezk",
    "operator": ""
},{
    "iso_code": "ua",
    "mask": "+380(622)__-__-__",
    "region": "Gebiet von Donetsk",
    "city": "Donezk",
    "operator": ""
},{
    "iso_code": "ua",
    "mask": "+380(6212)_-__-__",
    "region": "Gebiet von Donetsk",
    "city": "Krasnogorovka",
    "operator": ""
},{
    "iso_code": "ua",
    "mask": "+380(6213)_-__-__",
    "region": "Gebiet von Donetsk",
    "city": "Große Новоселка",
    "operator": ""
},{
    "iso_code": "ua",
    "mask": "+380(6214)_-__-__",
    "region": "Gebiet von Donetsk",
    "city": "Dokuchayevsk",
    "operator": ""
},{
    "iso_code": "ua",
    "mask": "+380(6217)_-__-__",
    "region": "Gebiet von Donetsk",
    "city": "Komsomol",
    "operator": ""
},{
    "iso_code": "ua",
    "mask": "+380(6232)_-__-__",
    "region": "Gebiet von Donetsk",
    "city": "Makiyivka",
    "operator": ""
},{
    "iso_code": "ua",
    "mask": "+380(6236)_-__-__",
    "region": "Gebiet von Donetsk",
    "city": "AVDEEVKA",
    "operator": ""
},{
    "iso_code": "ua",
    "mask": "+380(6237)_-__-__",
    "region": "Gebiet von Donetsk",
    "city": "Bergarbeiter",
    "operator": ""
},{
    "iso_code": "ua",
    "mask": "+380(6239)_-__-__",
    "region": "Gebiet von Donetsk",
    "city": "Dimitrov",
    "operator": ""
},{
    "iso_code": "ua",
    "mask": "+380(6242)_-__-__",
    "region": "Gebiet von Donetsk",
    "city": "Gorlovka",
    "operator": ""
},{
    "iso_code": "ua",
    "mask": "+380(6247)_-__-__",
    "region": "Gebiet von Donetsk",
    "city": "Dzerzhinsk",
    "operator": ""
},{
    "iso_code": "ua",
    "mask": "+380(6249)_-__-__",
    "region": "Gebiet von Donetsk",
    "city": "Debaltseve",
    "operator": ""
},{
    "iso_code": "ua",
    "mask": "+380(6250)_-__-__",
    "region": "Gebiet von Donetsk",
    "city": "Kirov",
    "operator": ""
},{
    "iso_code": "ua",
    "mask": "+380(6252)_-__-__",
    "region": "Gebiet von Donetsk",
    "city": "Chor",
    "operator": ""
},{
    "iso_code": "ua",
    "mask": "+380(6254)_-__-__",
    "region": "Gebiet von Donetsk",
    "city": "Thorez",
    "operator": ""
},{
    "iso_code": "ua",
    "mask": "+380(6255)_-__-__",
    "region": "Gebiet von Donetsk",
    "city": "Shakhtersk",
    "operator": ""
},{
    "iso_code": "ua",
    "mask": "+380(6256)_-__-__",
    "region": "Gebiet von Donetsk",
    "city": "Бражино",
    "operator": ""
},{
    "iso_code": "ua",
    "mask": "+380(6257)_-__-__",
    "region": "Gebiet von Donetsk",
    "city": "Ilovaysk",
    "operator": ""
},{
    "iso_code": "ua",
    "mask": "+380(6259)_-__-__",
    "region": "Gebiet von Donetsk",
    "city": "Amvrosiyivka",
    "operator": ""
},{
    "iso_code": "ua",
    "mask": "+380(6261)_-__-__",
    "region": "Gebiet von Donetsk",
    "city": "Дробышево",
    "operator": ""
},{
    "iso_code": "ua",
    "mask": "+380(6262)_-__-__",
    "region": "Gebiet von Donetsk",
    "city": "Andrejewka",
    "operator": ""
},{
    "iso_code": "ua",
    "mask": "+380(6264)_-__-__",
    "region": "Gebiet von Donetsk",
    "city": "Ansiedlung weiß",
    "operator": ""
},{
    "iso_code": "ua",
    "mask": "+380(6267)_-__-__",
    "region": "Gebiet von Donetsk",
    "city": "Druzhkovka",
    "operator": ""
},{
    "iso_code": "ua",
    "mask": "+380(6269)_-__-__",
    "region": "Gebiet von Donetsk",
    "city": "Aleksandrovka",
    "operator": ""
},{
    "iso_code": "ua",
    "mask": "+380(6272)_-__-__",
    "region": "Gebiet von Donetsk",
    "city": "Konstantinovka",
    "operator": ""
},{
    "iso_code": "ua",
    "mask": "+380(6273)_-__-__",
    "region": "Gebiet von Donetsk",
    "city": "Ugledar",
    "operator": ""
},{
    "iso_code": "ua",
    "mask": "+380(6274)_-__-__",
    "region": "Gebiet von Donetsk",
    "city": "Artemivsk",
    "operator": ""
},{
    "iso_code": "ua",
    "mask": "+380(6277)_-__-__",
    "region": "Gebiet von Donetsk",
    "city": "Belozërskoye",
    "operator": ""
},{
    "iso_code": "ua",
    "mask": "+380(6279)_-__-__",
    "region": "Gebiet von Donetsk",
    "city": "Telmanovo",
    "operator": ""
},{
    "iso_code": "ua",
    "mask": "+380(629)__-__-__",
    "region": "Gebiet von Donetsk",
    "city": "Mariupol",
    "operator": ""
},{
    "iso_code": "ua",
    "mask": "+380(6296)_-__-__",
    "region": "Gebiet von Donetsk",
    "city": "Novoazovsk",
    "operator": ""
},{
    "iso_code": "ua",
    "mask": "+380(6297)_-__-__",
    "region": "Gebiet von Donetsk",
    "city": "Першотравневое",
    "operator": ""
},{
    "iso_code": "ua",
    "mask": "+380(6299)_-__-__",
    "region": "Gebiet von Donetsk",
    "city": "Friedliche",
    "operator": ""
},{
    "iso_code": "ua",
    "mask": "+380(64)___-__-__",
    "region": "Lugansk Region",
    "city": "Lugansk",
    "operator": ""
},{
    "iso_code": "ua",
    "mask": "+380(642)__-__-__",
    "region": "Lugansk Region",
    "city": "Luhansk",
    "operator": ""
},{
    "iso_code": "ua",
    "mask": "+380(6431)_-__-__",
    "region": "Lugansk Region",
    "city": "Anthrazit",
    "operator": ""
},{
    "iso_code": "ua",
    "mask": "+380(6432)_-__-__",
    "region": "Lugansk Region",
    "city": "Der Rote Balken",
    "operator": ""
},{
    "iso_code": "ua",
    "mask": "+380(6433)_-__-__",
    "region": "Lugansk Region",
    "city": "Rovenki",
    "operator": ""
},{
    "iso_code": "ua",
    "mask": "+380(6434)_-__-__",
    "region": "Lugansk Region",
    "city": "Swerdlowsk",
    "operator": ""
},{
    "iso_code": "ua",
    "mask": "+380(6435)_-__-__",
    "region": "Lugansk Region",
    "city": "Izvarino",
    "operator": ""
},{
    "iso_code": "ua",
    "mask": "+380(6436)_-__-__",
    "region": "Lugansk Region",
    "city": "Lutugino",
    "operator": ""
},{
    "iso_code": "ua",
    "mask": "+380(6441)_-__-__",
    "region": "Lugansk Region",
    "city": "Perevalsk",
    "operator": ""
},{
    "iso_code": "ua",
    "mask": "+380(6442)_-__-__",
    "region": "Lugansk Region",
    "city": "Alchevsk",
    "operator": ""
},{
    "iso_code": "ua",
    "mask": "+380(6443)_-__-__",
    "region": "Lugansk Region",
    "city": "Bryanka",
    "operator": ""
},{
    "iso_code": "ua",
    "mask": "+380(6444)_-__-__",
    "region": "Lugansk Region",
    "city": "Stakhanov",
    "operator": ""
},{
    "iso_code": "ua",
    "mask": "+380(6445)_-__-__",
    "region": "Lugansk Region",
    "city": "Novoaydar",
    "operator": ""
},{
    "iso_code": "ua",
    "mask": "+380(6446)_-__-__",
    "region": "Lugansk Region",
    "city": "Kirowsk",
    "operator": ""
},{
    "iso_code": "ua",
    "mask": "+380(6451)_-__-__",
    "region": "Lugansk Region",
    "city": "Lyssytschansk",
    "operator": ""
},{
    "iso_code": "ua",
    "mask": "+380(6452)_-__-__",
    "region": "Lugansk Region",
    "city": "Severodonetsk",
    "operator": ""
},{
    "iso_code": "ua",
    "mask": "+380(6453)_-__-__",
    "region": "Lugansk Region",
    "city": "Rubezhnoye",
    "operator": ""
},{
    "iso_code": "ua",
    "mask": "+380(6454)_-__-__",
    "region": "Lugansk Region",
    "city": "Kremennaya",
    "operator": ""
},{
    "iso_code": "ua",
    "mask": "+380(6455)_-__-__",
    "region": "Lugansk Region",
    "city": "Pervomaisk",
    "operator": ""
},{
    "iso_code": "ua",
    "mask": "+380(6456)_-__-__",
    "region": "Lugansk Region",
    "city": "Troitsk",
    "operator": ""
},{
    "iso_code": "ua",
    "mask": "+380(6461)_-__-__",
    "region": "Lugansk Region",
    "city": "Starobelsk",
    "operator": ""
},{
    "iso_code": "ua",
    "mask": "+380(6462)_-__-__",
    "region": "Lugansk Region",
    "city": "Belokurakino",
    "operator": ""
},{
    "iso_code": "ua",
    "mask": "+380(6463)_-__-__",
    "region": "Lugansk Region",
    "city": "Belolutsk",
    "operator": ""
},{
    "iso_code": "ua",
    "mask": "+380(6464)_-__-__",
    "region": "Lugansk Region",
    "city": "Markiwka",
    "operator": ""
},{
    "iso_code": "ua",
    "mask": "+380(6465)_-__-__",
    "region": "Lugansk Region",
    "city": "Kreide",
    "operator": ""
},{
    "iso_code": "ua",
    "mask": "+380(6471)_-__-__",
    "region": "Lugansk Region",
    "city": "Der Untere Дуванка",
    "operator": ""
},{
    "iso_code": "ua",
    "mask": "+380(6472)_-__-__",
    "region": "Lugansk Region",
    "city": "Dorf Lugansk",
    "operator": ""
},{
    "iso_code": "ua",
    "mask": "+380(6473)_-__-__",
    "region": "Lugansk Region",
    "city": "Frunze",
    "operator": ""
},{
    "iso_code": "ua",
    "mask": "+380(6474)_-__-__",
    "region": "Lugansk Region",
    "city": "Popasnaya",
    "operator": ""
},{
    "iso_code": "ua",
    "mask": "+380(65)___-__-__",
    "region": "Die Autonome Republik Krim",
    "city": "Simferopol",
    "operator": ""
},{
    "iso_code": "ua",
    "mask": "+380(652)__-__-__",
    "region": "Die Autonome Republik Krim",
    "city": "Аэрофлотский",
    "operator": ""
},{
    "iso_code": "ua",
    "mask": "+380(654)__-__-__",
    "region": "Die Autonome Republik Krim",
    "city": "Alupka",
    "operator": ""
},{
    "iso_code": "ua",
    "mask": "+380(6550)_-__-__",
    "region": "Die Autonome Republik Krim",
    "city": "Nyzhn",
    "operator": ""
},{
    "iso_code": "ua",
    "mask": "+380(6551)_-__-__",
    "region": "Die Autonome Republik Krim",
    "city": "Quellen",
    "operator": ""
},{
    "iso_code": "ua",
    "mask": "+380(6552)_-__-__",
    "region": "Die Autonome Republik Krim",
    "city": "Gebiet des ersten mais",
    "operator": ""
},{
    "iso_code": "ua",
    "mask": "+380(6553)_-__-__",
    "region": "Die Autonome Republik Krim",
    "city": "Новоселовское",
    "operator": ""
},{
    "iso_code": "ua",
    "mask": "+380(6554)_-__-__",
    "region": "Die Autonome Republik Krim",
    "city": "Bachtschyssaraj",
    "operator": ""
},{
    "iso_code": "ua",
    "mask": "+380(6555)_-__-__",
    "region": "Die Autonome Republik Krim",
    "city": "Kirov",
    "operator": ""
},{
    "iso_code": "ua",
    "mask": "+380(6556)_-__-__",
    "region": "Die Autonome Republik Krim",
    "city": "Sewastopol",
    "operator": ""
},{
    "iso_code": "ua",
    "mask": "+380(6557)_-__-__",
    "region": "Die Autonome Republik Krim",
    "city": "Багерово",
    "operator": ""
},{
    "iso_code": "ua",
    "mask": "+380(6558)_-__-__",
    "region": "Die Autonome Republik Krim",
    "city": "Am schwarzen Meer",
    "operator": ""
},{
    "iso_code": "ua",
    "mask": "+380(6559)_-__-__",
    "region": "Die Autonome Republik Krim",
    "city": "Suja",
    "operator": ""
},{
    "iso_code": "ua",
    "mask": "+380(6560)_-__-__",
    "region": "Die Autonome Republik Krim",
    "city": "Aluschta",
    "operator": ""
},{
    "iso_code": "ua",
    "mask": "+380(6561)_-__-__",
    "region": "Die Autonome Republik Krim",
    "city": "Kertsch",
    "operator": ""
},{
    "iso_code": "ua",
    "mask": "+380(6562)_-__-__",
    "region": "Die Autonome Republik Krim",
    "city": "Theodosius",
    "operator": ""
},{
    "iso_code": "ua",
    "mask": "+380(6563)_-__-__",
    "region": "Die Autonome Republik Krim",
    "city": "Saki",
    "operator": ""
},{
    "iso_code": "ua",
    "mask": "+380(6564)_-__-__",
    "region": "Die Autonome Republik Krim",
    "city": "Das Asowsche",
    "operator": ""
},{
    "iso_code": "ua",
    "mask": "+380(6565)_-__-__",
    "region": "Die Autonome Republik Krim",
    "city": "Armyansk",
    "operator": ""
},{
    "iso_code": "ua",
    "mask": "+380(6566)_-__-__",
    "region": "Die Autonome Republik Krim",
    "city": "Kur",
    "operator": ""
},{
    "iso_code": "ua",
    "mask": "+380(6569)_-__-__",
    "region": "Die Autonome Republik Krim",
    "city": "Neuer See",
    "operator": ""
},{
    "iso_code": "ua",
    "mask": "+380(69)___-__-__",
    "region": "Die Autonome Republik Krim",
    "city": "Sewastopol",
    "operator": ""
},{
    "iso_code": "ua",
    "mask": "+380(692)__-__-__",
    "region": "Die Autonome Republik Krim",
    "city": "Белокаменск",
    "operator": ""
},{
    "iso_code": "ua",
    "mask": "+38(039)___-__-__",
    "region": "Ukraine",
    "city": "Alle Städte",
    "operator": "Kyivstar (Golden Telecom)"
},{
    "iso_code": "ua",
    "mask": "+38(067)___-__-__",
    "region": "Ukraine",
    "city": "Alle Städte",
    "operator": "Kyivstar"
},{
    "iso_code": "ua",
    "mask": "+38(068)___-__-__",
    "region": "Ukraine",
    "city": "Alle Städte",
    "operator": "Kyivstar"
},{
    "iso_code": "ua",
    "mask": "+38(096)___-__-__",
    "region": "Ukraine",
    "city": "Alle Städte",
    "operator": "Kyivstar"
},{
    "iso_code": "ua",
    "mask": "+38(097)___-__-__",
    "region": "Ukraine",
    "city": "Alle Städte",
    "operator": "Kyivstar"
},{
    "iso_code": "ua",
    "mask": "+38(098)___-__-__",
    "region": "Ukraine",
    "city": "Alle Städte",
    "operator": "Kyivstar"
},{
    "iso_code": "ua",
    "mask": "+38(066)___-__-__",
    "region": "Ukraine",
    "city": "Alle Städte",
    "operator": "MTS"
},{
    "iso_code": "ua",
    "mask": "+38(050)___-__-__",
    "region": "Ukraine",
    "city": "Alle Städte",
    "operator": "MTS"
},{
    "iso_code": "ua",
    "mask": "+38(095)___-__-__",
    "region": "Ukraine",
    "city": "Alle Städte",
    "operator": "MTS"
},{
    "iso_code": "ua",
    "mask": "+38(099)___-__-__",
    "region": "Ukraine",
    "city": "Alle Städte",
    "operator": "MTS"
},{
    "iso_code": "ua",
    "mask": "+38(900)___-__-__",
    "region": "Ukraine",
    "city": "Alle Städte",
    "operator": "Kostenpflichtige Dienstleistungen "
},{
    "iso_code": "ua",
    "mask": "+38(063)___-__-__",
    "region": "Ukraine",
    "city": "Alle Städte",
    "operator": "life:)"
},{
    "iso_code": "ua",
    "mask": "+38(093)___-__-__",
    "region": "Ukraine",
    "city": "Alle Städte",
    "operator": "life:)"
},{
    "iso_code": "ua",
    "mask": "+38(091)___-__-__",
    "region": "Ukraine",
    "city": "Alle Städte",
    "operator": "Utel"
},{
    "iso_code": "ua",
    "mask": "+38(092)___-__-__",
    "region": "Ukraine",
    "city": "Alle Städte",
    "operator": "PEOPLEnet"
},{
    "iso_code": "ua",
    "mask": "+38(094)___-__-__",
    "region": "Ukraine",
    "city": "Alle Städte",
    "operator": "Intertelekom"
}]