[{
    "iso_code": "ua",
    "mask": "+380(312)__-__-__",
    "region": "Закарпатская ala",
    "city": "Ужгород",
    "operator": ""
},{
    "iso_code": "ua",
    "mask": "+380(3122)_-__-__",
    "region": "Закарпатская ala",
    "city": "Keskmine",
    "operator": ""
},{
    "iso_code": "ua",
    "mask": "+380(3131)_-__-__",
    "region": "Закарпатская ala",
    "city": "Мукачево",
    "operator": ""
},{
    "iso_code": "ua",
    "mask": "+380(3132)_-__-__",
    "region": "Закарпатская ala",
    "city": "Рахов",
    "operator": ""
},{
    "iso_code": "ua",
    "mask": "+380(3133)_-__-__",
    "region": "Закарпатская ala",
    "city": "Glade",
    "operator": ""
},{
    "iso_code": "ua",
    "mask": "+380(3134)_-__-__",
    "region": "Закарпатская ala",
    "city": "Буштыно",
    "operator": ""
},{
    "iso_code": "ua",
    "mask": "+380(3135)_-__-__",
    "region": "Закарпатская ala",
    "city": "Suur Березный",
    "operator": ""
},{
    "iso_code": "ua",
    "mask": "+380(3136)_-__-__",
    "region": "Закарпатская ala",
    "city": "Alumised Värav",
    "operator": ""
},{
    "iso_code": "ua",
    "mask": "+380(3137)_-__-__",
    "region": "Закарпатская ala",
    "city": "Haki",
    "operator": ""
},{
    "iso_code": "ua",
    "mask": "+380(3141)_-__-__",
    "region": "Закарпатская ala",
    "city": "Берегово",
    "operator": ""
},{
    "iso_code": "ua",
    "mask": "+380(31422)__-__",
    "region": "Закарпатская ala",
    "city": "Хуст",
    "operator": ""
},{
    "iso_code": "ua",
    "mask": "+380(3143)_-__-__",
    "region": "Закарпатская ala",
    "city": "Kahvlite",
    "operator": ""
},{
    "iso_code": "ua",
    "mask": "+380(3144)_-__-__",
    "region": "Закарпатская ala",
    "city": "Pikk",
    "operator": ""
},{
    "iso_code": "ua",
    "mask": "+380(3145)_-__-__",
    "region": "Закарпатская ala",
    "city": "Перечин",
    "operator": ""
},{
    "iso_code": "ua",
    "mask": "+380(3146)_-__-__",
    "region": "Закарпатская ala",
    "city": "Межгорье",
    "operator": ""
},{
    "iso_code": "ua",
    "mask": "+380(32)___-__-__",
    "region": "Lviv oblast",
    "city": "Lõvi",
    "operator": ""
},{
    "iso_code": "ua",
    "mask": "+380(322)__-__-__",
    "region": "Lviv oblast",
    "city": "Брюховичи",
    "operator": ""
},{
    "iso_code": "ua",
    "mask": "+380(3230)_-__-__",
    "region": "Lviv oblast",
    "city": "Пустомыты",
    "operator": ""
},{
    "iso_code": "ua",
    "mask": "+380(3231)_-__-__",
    "region": "Lviv oblast",
    "city": "Linn",
    "operator": ""
},{
    "iso_code": "ua",
    "mask": "+380(3234)_-__-__",
    "region": "Lviv oblast",
    "city": "Мостиска",
    "operator": ""
},{
    "iso_code": "ua",
    "mask": "+380(3236)_-__-__",
    "region": "Lviv oblast",
    "city": "Дубляны",
    "operator": ""
},{
    "iso_code": "ua",
    "mask": "+380(3238)_-__-__",
    "region": "Lviv oblast",
    "city": "Добромиль",
    "operator": ""
},{
    "iso_code": "ua",
    "mask": "+380(3239)_-__-__",
    "region": "Lviv oblast",
    "city": "Гнездычев",
    "operator": ""
},{
    "iso_code": "ua",
    "mask": "+380(3241)_-__-__",
    "region": "Lviv oblast",
    "city": "Роздол",
    "operator": ""
},{
    "iso_code": "ua",
    "mask": "+380(3244)_-__-__",
    "region": "Lviv oblast",
    "city": "Дрогобыч",
    "operator": ""
},{
    "iso_code": "ua",
    "mask": "+380(3245)_-__-__",
    "region": "Lviv oblast",
    "city": "Дашава",
    "operator": ""
},{
    "iso_code": "ua",
    "mask": "+380(3247)_-__-__",
    "region": "Lviv oblast",
    "city": "Трускавец",
    "operator": ""
},{
    "iso_code": "ua",
    "mask": "+380(3248)_-__-__",
    "region": "Lviv oblast",
    "city": "Борислав",
    "operator": ""
},{
    "iso_code": "ua",
    "mask": "+380(3249)_-__-__",
    "region": "Lviv oblast",
    "city": "Червоноград",
    "operator": ""
},{
    "iso_code": "ua",
    "mask": "+380(3251)_-__-__",
    "region": "Lviv oblast",
    "city": "Сколе",
    "operator": ""
},{
    "iso_code": "ua",
    "mask": "+380(3252)_-__-__",
    "region": "Lviv oblast",
    "city": "Дубляны",
    "operator": ""
},{
    "iso_code": "ua",
    "mask": "+380(3254)_-__-__",
    "region": "Lviv oblast",
    "city": "Добротвор",
    "operator": ""
},{
    "iso_code": "ua",
    "mask": "+380(3255)_-__-__",
    "region": "Lviv oblast",
    "city": "Лопатин",
    "operator": ""
},{
    "iso_code": "ua",
    "mask": "+380(3257)_-__-__",
    "region": "Lviv oblast",
    "city": "Belz",
    "operator": ""
},{
    "iso_code": "ua",
    "mask": "+380(3259)_-__-__",
    "region": "Lviv oblast",
    "city": "Ivano-Франково",
    "operator": ""
},{
    "iso_code": "ua",
    "mask": "+380(32606)__-__",
    "region": "Lviv oblast",
    "city": "Моршин",
    "operator": ""
},{
    "iso_code": "ua",
    "mask": "+380(3261)_-__-__",
    "region": "Lviv oblast",
    "city": "Uus Роздол",
    "operator": ""
},{
    "iso_code": "ua",
    "mask": "+380(3263)_-__-__",
    "region": "Lviv oblast",
    "city": "Бобрка",
    "operator": ""
},{
    "iso_code": "ua",
    "mask": "+380(3264)_-__-__",
    "region": "Lviv oblast",
    "city": "Буск",
    "operator": ""
},{
    "iso_code": "ua",
    "mask": "+380(3265)_-__-__",
    "region": "Lviv oblast",
    "city": "Глиняны",
    "operator": ""
},{
    "iso_code": "ua",
    "mask": "+380(3266)_-__-__",
    "region": "Lviv oblast",
    "city": "Lähistel",
    "operator": ""
},{
    "iso_code": "ua",
    "mask": "+380(3269)_-__-__",
    "region": "Lviv oblast",
    "city": "Борыня",
    "operator": ""
},{
    "iso_code": "ua",
    "mask": "+380(33)___-__-__",
    "region": "Volyn ala",
    "city": "Луцк",
    "operator": ""
},{
    "iso_code": "ua",
    "mask": "+380(332)__-__-__",
    "region": "Volyn ala",
    "city": "Луцк",
    "operator": ""
},{
    "iso_code": "ua",
    "mask": "+380(3322)_-__-__",
    "region": "Volyn ala",
    "city": "Torchin",
    "operator": ""
},{
    "iso_code": "ua",
    "mask": "+380(3342)_-__-__",
    "region": "Volyn ala",
    "city": "Устилуг",
    "operator": ""
},{
    "iso_code": "ua",
    "mask": "+380(3344)_-__-__",
    "region": "Volyn ala",
    "city": "Нововолынск",
    "operator": ""
},{
    "iso_code": "ua",
    "mask": "+380(3346)_-__-__",
    "region": "Volyn ala",
    "city": "Vana Выжевка",
    "operator": ""
},{
    "iso_code": "ua",
    "mask": "+380(3352)_-__-__",
    "region": "Volyn ala",
    "city": "Голобы",
    "operator": ""
},{
    "iso_code": "ua",
    "mask": "+380(3357)_-__-__",
    "region": "Volyn ala",
    "city": "Kivi-Каширский",
    "operator": ""
},{
    "iso_code": "ua",
    "mask": "+380(3362)_-__-__",
    "region": "Volyn ala",
    "city": "Любешов",
    "operator": ""
},{
    "iso_code": "ua",
    "mask": "+380(3363)_-__-__",
    "region": "Volyn ala",
    "city": "Vibu",
    "operator": ""
},{
    "iso_code": "ua",
    "mask": "+380(3365)_-__-__",
    "region": "Volyn ala",
    "city": "Киверцы",
    "operator": ""
},{
    "iso_code": "ua",
    "mask": "+380(3366)_-__-__",
    "region": "Volyn ala",
    "city": "Ратно",
    "operator": ""
},{
    "iso_code": "ua",
    "mask": "+380(3368)_-__-__",
    "region": "Volyn ala",
    "city": "Березолуки",
    "operator": ""
},{
    "iso_code": "ua",
    "mask": "+380(3372)_-__-__",
    "region": "Volyn ala",
    "city": "Иваничи",
    "operator": ""
},{
    "iso_code": "ua",
    "mask": "+380(3374)_-__-__",
    "region": "Volyn ala",
    "city": "Локачи",
    "operator": ""
},{
    "iso_code": "ua",
    "mask": "+380(3376)_-__-__",
    "region": "Volyn ala",
    "city": "Valimistulemusi",
    "operator": ""
},{
    "iso_code": "ua",
    "mask": "+380(3377)_-__-__",
    "region": "Volyn ala",
    "city": "Головно",
    "operator": ""
},{
    "iso_code": "ua",
    "mask": "+380(3379)_-__-__",
    "region": "Volyn ala",
    "city": "Берестечко",
    "operator": ""
},{
    "iso_code": "ua",
    "mask": "+380(34)___-__-__",
    "region": "Ivano-Frankivsk ala",
    "city": "Ivano-Франковск",
    "operator": ""
},{
    "iso_code": "ua",
    "mask": "+380(342)__-__-__",
    "region": "Ivano-Frankivsk ala",
    "city": "Ivano-Франковск",
    "operator": ""
},{
    "iso_code": "ua",
    "mask": "+380(3430)_-__-__",
    "region": "Ivano-Frankivsk ala",
    "city": "Чернелица",
    "operator": ""
},{
    "iso_code": "ua",
    "mask": "+380(3431)_-__-__",
    "region": "Ivano-Frankivsk ala",
    "city": "Большовцы",
    "operator": ""
},{
    "iso_code": "ua",
    "mask": "+380(3432)_-__-__",
    "region": "Ivano-Frankivsk ala",
    "city": "Верховина",
    "operator": ""
},{
    "iso_code": "ua",
    "mask": "+380(3433)_-__-__",
    "region": "Ivano-Frankivsk ala",
    "city": "Гвоздец",
    "operator": ""
},{
    "iso_code": "ua",
    "mask": "+380(3434)_-__-__",
    "region": "Ivano-Frankivsk ala",
    "city": "Ворохта",
    "operator": ""
},{
    "iso_code": "ua",
    "mask": "+380(34342)__-__",
    "region": "Ivano-Frankivsk ala",
    "city": "Яремче",
    "operator": ""
},{
    "iso_code": "ua",
    "mask": "+380(3435)_-__-__",
    "region": "Ivano-Frankivsk ala",
    "city": "Букачевцы",
    "operator": ""
},{
    "iso_code": "ua",
    "mask": "+380(3436)_-__-__",
    "region": "Ivano-Frankivsk ala",
    "city": "Лисец",
    "operator": ""
},{
    "iso_code": "ua",
    "mask": "+380(3438)_-__-__",
    "region": "Ivano-Frankivsk ala",
    "city": "Бурштын",
    "operator": ""
},{
    "iso_code": "ua",
    "mask": "+380(3471)_-__-__",
    "region": "Ivano-Frankivsk ala",
    "city": "Богородчаны",
    "operator": ""
},{
    "iso_code": "ua",
    "mask": "+380(3472)_-__-__",
    "region": "Ivano-Frankivsk ala",
    "city": "Калуш",
    "operator": ""
},{
    "iso_code": "ua",
    "mask": "+380(3474)_-__-__",
    "region": "Ivano-Frankivsk ala",
    "city": "Брошнев-Piiramisrõngas",
    "operator": ""
},{
    "iso_code": "ua",
    "mask": "+380(3475)_-__-__",
    "region": "Ivano-Frankivsk ala",
    "city": "Делятин",
    "operator": ""
},{
    "iso_code": "ua",
    "mask": "+380(3476)_-__-__",
    "region": "Ivano-Frankivsk ala",
    "city": "Снятын",
    "operator": ""
},{
    "iso_code": "ua",
    "mask": "+380(3477)_-__-__",
    "region": "Ivano-Frankivsk ala",
    "city": "Болехов",
    "operator": ""
},{
    "iso_code": "ua",
    "mask": "+380(3478)_-__-__",
    "region": "Ivano-Frankivsk ala",
    "city": "Косов",
    "operator": ""
},{
    "iso_code": "ua",
    "mask": "+380(3479)_-__-__",
    "region": "Ivano-Frankivsk ala",
    "city": "Тлумач",
    "operator": ""
},{
    "iso_code": "ua",
    "mask": "+380(35)___-__-__",
    "region": "Ternopil ala",
    "city": "Тернополь",
    "operator": ""
},{
    "iso_code": "ua",
    "mask": "+380(352)__-__-__",
    "region": "Ternopil ala",
    "city": "Тернополь",
    "operator": ""
},{
    "iso_code": "ua",
    "mask": "+380(3540)_-__-__",
    "region": "Ternopil ala",
    "city": "Заложцы",
    "operator": ""
},{
    "iso_code": "ua",
    "mask": "+380(3541)_-__-__",
    "region": "Ternopil ala",
    "city": "Борщев",
    "operator": ""
},{
    "iso_code": "ua",
    "mask": "+380(3542)_-__-__",
    "region": "Ternopil ala",
    "city": "Подгайцы",
    "operator": ""
},{
    "iso_code": "ua",
    "mask": "+380(3543)_-__-__",
    "region": "Ternopil ala",
    "city": "Uus Küla",
    "operator": ""
},{
    "iso_code": "ua",
    "mask": "+380(3544)_-__-__",
    "region": "Ternopil ala",
    "city": "Бучач",
    "operator": ""
},{
    "iso_code": "ua",
    "mask": "+380(3546)_-__-__",
    "region": "Ternopil ala",
    "city": "Кременец",
    "operator": ""
},{
    "iso_code": "ua",
    "mask": "+380(3547)_-__-__",
    "region": "Ternopil ala",
    "city": "Kozlov",
    "operator": ""
},{
    "iso_code": "ua",
    "mask": "+380(3548)_-__-__",
    "region": "Ternopil ala",
    "city": "Бережаны",
    "operator": ""
},{
    "iso_code": "ua",
    "mask": "+380(3549)_-__-__",
    "region": "Ternopil ala",
    "city": "Лановцы",
    "operator": ""
},{
    "iso_code": "ua",
    "mask": "+380(3550)_-__-__",
    "region": "Ternopil ala",
    "city": "Вишневец",
    "operator": ""
},{
    "iso_code": "ua",
    "mask": "+380(3551)_-__-__",
    "region": "Ternopil ala",
    "city": "Микулинцы",
    "operator": ""
},{
    "iso_code": "ua",
    "mask": "+380(3552)_-__-__",
    "region": "Ternopil ala",
    "city": "Чортков",
    "operator": ""
},{
    "iso_code": "ua",
    "mask": "+380(3554)_-__-__",
    "region": "Ternopil ala",
    "city": "Paks",
    "operator": ""
},{
    "iso_code": "ua",
    "mask": "+380(3555)_-__-__",
    "region": "Ternopil ala",
    "city": "Коропец",
    "operator": ""
},{
    "iso_code": "ua",
    "mask": "+380(3556)_-__-__",
    "region": "Ternopil ala",
    "city": "Дубно",
    "operator": ""
},{
    "iso_code": "ua",
    "mask": "+380(3557)_-__-__",
    "region": "Ternopil ala",
    "city": "Гримайлов",
    "operator": ""
},{
    "iso_code": "ua",
    "mask": "+380(3558)_-__-__",
    "region": "Ternopil ala",
    "city": "Шумск",
    "operator": ""
},{
    "iso_code": "ua",
    "mask": "+380(36)___-__-__",
    "region": "Ровненская ala",
    "city": "Täpselt",
    "operator": ""
},{
    "iso_code": "ua",
    "mask": "+380(362)__-__-__",
    "region": "Ровненская ala",
    "city": "Клевань",
    "operator": ""
},{
    "iso_code": "ua",
    "mask": "+380(3632)_-__-__",
    "region": "Ровненская ala",
    "city": "Zarechnoe",
    "operator": ""
},{
    "iso_code": "ua",
    "mask": "+380(3633)_-__-__",
    "region": "Ровненская ala",
    "city": "Радивилов",
    "operator": ""
},{
    "iso_code": "ua",
    "mask": "+380(3634)_-__-__",
    "region": "Ровненская ala",
    "city": "Владимирец",
    "operator": ""
},{
    "iso_code": "ua",
    "mask": "+380(3635)_-__-__",
    "region": "Ровненская ala",
    "city": "Рокитное",
    "operator": ""
},{
    "iso_code": "ua",
    "mask": "+380(3636)_-__-__",
    "region": "Ровненская ala",
    "city": "Кузнецовск",
    "operator": ""
},{
    "iso_code": "ua",
    "mask": "+380(3650)_-__-__",
    "region": "Ровненская ala",
    "city": "Гоща",
    "operator": ""
},{
    "iso_code": "ua",
    "mask": "+380(3651)_-__-__",
    "region": "Ровненская ala",
    "city": "Корец",
    "operator": ""
},{
    "iso_code": "ua",
    "mask": "+380(3652)_-__-__",
    "region": "Ровненская ala",
    "city": "Мизоч",
    "operator": ""
},{
    "iso_code": "ua",
    "mask": "+380(36522)__-__",
    "region": "Ровненская ala",
    "city": "Здолбунов",
    "operator": ""
},{
    "iso_code": "ua",
    "mask": "+380(3653)_-__-__",
    "region": "Ровненская ala",
    "city": "Березно",
    "operator": ""
},{
    "iso_code": "ua",
    "mask": "+380(3654)_-__-__",
    "region": "Ровненская ala",
    "city": "Vaitõke",
    "operator": ""
},{
    "iso_code": "ua",
    "mask": "+380(36552)__-__",
    "region": "Ровненская ala",
    "city": "Клесов",
    "operator": ""
},{
    "iso_code": "ua",
    "mask": "+380(3656)_-__-__",
    "region": "Ровненская ala",
    "city": "Смыга",
    "operator": ""
},{
    "iso_code": "ua",
    "mask": "+380(3657)_-__-__",
    "region": "Ровненская ala",
    "city": "Костополь",
    "operator": ""
},{
    "iso_code": "ua",
    "mask": "+380(3658)_-__-__",
    "region": "Ровненская ala",
    "city": "Дубровица",
    "operator": ""
},{
    "iso_code": "ua",
    "mask": "+380(3659)_-__-__",
    "region": "Ровненская ala",
    "city": "Демидовка",
    "operator": ""
},{
    "iso_code": "ua",
    "mask": "+380(37)___-__-__",
    "region": "Chernivtsi ala",
    "city": "Черновцы",
    "operator": ""
},{
    "iso_code": "ua",
    "mask": "+380(372)__-__-__",
    "region": "Chernivtsi ala",
    "city": "Черновцы",
    "operator": ""
},{
    "iso_code": "ua",
    "mask": "+380(3722)_-__-__",
    "region": "Chernivtsi ala",
    "city": "Черновцы",
    "operator": ""
},{
    "iso_code": "ua",
    "mask": "+380(3730)_-__-__",
    "region": "Chernivtsi ala",
    "city": "Берегомет",
    "operator": ""
},{
    "iso_code": "ua",
    "mask": "+380(37312)__-__",
    "region": "Chernivtsi ala",
    "city": "Хотин",
    "operator": ""
},{
    "iso_code": "ua",
    "mask": "+380(3732)_-__-__",
    "region": "Chernivtsi ala",
    "city": "Кельменцы",
    "operator": ""
},{
    "iso_code": "ua",
    "mask": "+380(3733)_-__-__",
    "region": "Chernivtsi ala",
    "city": "Новоселица",
    "operator": ""
},{
    "iso_code": "ua",
    "mask": "+380(3734)_-__-__",
    "region": "Chernivtsi ala",
    "city": "Глыбокая",
    "operator": ""
},{
    "iso_code": "ua",
    "mask": "+380(3735)_-__-__",
    "region": "Chernivtsi ala",
    "city": "Красноильск",
    "operator": ""
},{
    "iso_code": "ua",
    "mask": "+380(3736)_-__-__",
    "region": "Chernivtsi ala",
    "city": "Кицмань",
    "operator": ""
},{
    "iso_code": "ua",
    "mask": "+380(3737)_-__-__",
    "region": "Chernivtsi ala",
    "city": "Кострижевка",
    "operator": ""
},{
    "iso_code": "ua",
    "mask": "+380(3738)_-__-__",
    "region": "Chernivtsi ala",
    "city": "Путила",
    "operator": ""
},{
    "iso_code": "ua",
    "mask": "+380(3739)_-__-__",
    "region": "Chernivtsi ala",
    "city": "Сокиряны",
    "operator": ""
},{
    "iso_code": "ua",
    "mask": "+380(3740)_-__-__",
    "region": "Chernivtsi ala",
    "city": "Hertz",
    "operator": ""
},{
    "iso_code": "ua",
    "mask": "+380(3741)_-__-__",
    "region": "Chernivtsi ala",
    "city": "Новоднестровск",
    "operator": ""
},{
    "iso_code": "ua",
    "mask": "+380(38)___-__-__",
    "region": "Хмельницкая ala",
    "city": "Hmelnitski",
    "operator": ""
},{
    "iso_code": "ua",
    "mask": "+380(382)__-__-__",
    "region": "Хмельницкая ala",
    "city": "Hmelnitski",
    "operator": ""
},{
    "iso_code": "ua",
    "mask": "+380(3822)_-__-__",
    "region": "Хмельницкая ala",
    "city": "Must Saar",
    "operator": ""
},{
    "iso_code": "ua",
    "mask": "+380(3840)_-__-__",
    "region": "Хмельницкая ala",
    "city": "Грицев",
    "operator": ""
},{
    "iso_code": "ua",
    "mask": "+380(3841)_-__-__",
    "region": "Хмельницкая ala",
    "city": "Ямполь",
    "operator": ""
},{
    "iso_code": "ua",
    "mask": "+380(3842)_-__-__",
    "region": "Хмельницкая ala",
    "city": "Славута",
    "operator": ""
},{
    "iso_code": "ua",
    "mask": "+380(3843)_-__-__",
    "region": "Хмельницкая ala",
    "city": "Полонное",
    "operator": ""
},{
    "iso_code": "ua",
    "mask": "+380(3844)_-__-__",
    "region": "Хмельницкая ala",
    "city": "Базалия",
    "operator": ""
},{
    "iso_code": "ua",
    "mask": "+380(3845)_-__-__",
    "region": "Хмельницкая ala",
    "city": "Войтовцы",
    "operator": ""
},{
    "iso_code": "ua",
    "mask": "+380(3846)_-__-__",
    "region": "Хмельницкая ala",
    "city": "Виньковцы",
    "operator": ""
},{
    "iso_code": "ua",
    "mask": "+380(3847)_-__-__",
    "region": "Хмельницкая ala",
    "city": "Uus Ушица",
    "operator": ""
},{
    "iso_code": "ua",
    "mask": "+380(3848)_-__-__",
    "region": "Хмельницкая ala",
    "city": "Нетешин",
    "operator": ""
},{
    "iso_code": "ua",
    "mask": "+380(3849)_-__-__",
    "region": "Хмельницкая ala",
    "city": "Каменец-Подольский",
    "operator": ""
},{
    "iso_code": "ua",
    "mask": "+380(3850)_-__-__",
    "region": "Хмельницкая ala",
    "city": "Vana Синява",
    "operator": ""
},{
    "iso_code": "ua",
    "mask": "+380(3851)_-__-__",
    "region": "Хмельницкая ala",
    "city": "Linn",
    "operator": ""
},{
    "iso_code": "ua",
    "mask": "+380(3852)_-__-__",
    "region": "Хмельницкая ala",
    "city": "Изяслав",
    "operator": ""
},{
    "iso_code": "ua",
    "mask": "+380(3853)_-__-__",
    "region": "Хмельницкая ala",
    "city": "Ярмолинцы",
    "operator": ""
},{
    "iso_code": "ua",
    "mask": "+380(3854)_-__-__",
    "region": "Хмельницкая ala",
    "city": "Староконстантинов",
    "operator": ""
},{
    "iso_code": "ua",
    "mask": "+380(3855)_-__-__",
    "region": "Хмельницкая ala",
    "city": "Antonina",
    "operator": ""
},{
    "iso_code": "ua",
    "mask": "+380(3856)_-__-__",
    "region": "Хмельницкая ala",
    "city": "Деражня",
    "operator": ""
},{
    "iso_code": "ua",
    "mask": "+380(3857)_-__-__",
    "region": "Хмельницкая ala",
    "city": "Летичев",
    "operator": ""
},{
    "iso_code": "ua",
    "mask": "+380(3858)_-__-__",
    "region": "Хмельницкая ala",
    "city": "Дунаевцы",
    "operator": ""
},{
    "iso_code": "ua",
    "mask": "+380(3859)_-__-__",
    "region": "Хмельницкая ala",
    "city": "Чемеровцы",
    "operator": ""
},{
    "iso_code": "ua",
    "mask": "+380(41)___-__-__",
    "region": "Me tahame olukorda muuta",
    "city": "Житомир",
    "operator": ""
},{
    "iso_code": "ua",
    "mask": "+380(412)__-__-__",
    "region": "Me tahame olukorda muuta",
    "city": "Житомир",
    "operator": ""
},{
    "iso_code": "ua",
    "mask": "+380(4122)_-__-__",
    "region": "Me tahame olukorda muuta",
    "city": "Гуйва",
    "operator": ""
},{
    "iso_code": "ua",
    "mask": "+380(4130)_-__-__",
    "region": "Me tahame olukorda muuta",
    "city": "Коростышев",
    "operator": ""
},{
    "iso_code": "ua",
    "mask": "+380(4131)_-__-__",
    "region": "Me tahame olukorda muuta",
    "city": "Червоноармейск",
    "operator": ""
},{
    "iso_code": "ua",
    "mask": "+380(4132)_-__-__",
    "region": "Me tahame olukorda muuta",
    "city": "Valge Криница",
    "operator": ""
},{
    "iso_code": "ua",
    "mask": "+380(4133)_-__-__",
    "region": "Me tahame olukorda muuta",
    "city": "Чоповичи",
    "operator": ""
},{
    "iso_code": "ua",
    "mask": "+380(4134)_-__-__",
    "region": "Me tahame olukorda muuta",
    "city": "Черняхов",
    "operator": ""
},{
    "iso_code": "ua",
    "mask": "+380(4135)_-__-__",
    "region": "Me tahame olukorda muuta",
    "city": "Бучманы",
    "operator": ""
},{
    "iso_code": "ua",
    "mask": "+380(4136)_-__-__",
    "region": "Me tahame olukorda muuta",
    "city": "Андрушевка",
    "operator": ""
},{
    "iso_code": "ua",
    "mask": "+380(4137)_-__-__",
    "region": "Me tahame olukorda muuta",
    "city": "Корнин",
    "operator": ""
},{
    "iso_code": "ua",
    "mask": "+380(41372)__-__",
    "region": "Me tahame olukorda muuta",
    "city": "Попельня",
    "operator": ""
},{
    "iso_code": "ua",
    "mask": "+380(4138)_-__-__",
    "region": "Me tahame olukorda muuta",
    "city": "Ружин",
    "operator": ""
},{
    "iso_code": "ua",
    "mask": "+380(4139)_-__-__",
    "region": "Me tahame olukorda muuta",
    "city": "Чуднов",
    "operator": ""
},{
    "iso_code": "ua",
    "mask": "+380(4140)_-__-__",
    "region": "Me tahame olukorda muuta",
    "city": "Народичи",
    "operator": ""
},{
    "iso_code": "ua",
    "mask": "+380(4141)_-__-__",
    "region": "Me tahame olukorda muuta",
    "city": "Броницкая Гута",
    "operator": ""
},{
    "iso_code": "ua",
    "mask": "+380(4142)_-__-__",
    "region": "Me tahame olukorda muuta",
    "city": "Коростень",
    "operator": ""
},{
    "iso_code": "ua",
    "mask": "+380(4143)_-__-__",
    "region": "Me tahame olukorda muuta",
    "city": "Бердичев",
    "operator": ""
},{
    "iso_code": "ua",
    "mask": "+380(4144)_-__-__",
    "region": "Me tahame olukorda muuta",
    "city": "Довбыш",
    "operator": ""
},{
    "iso_code": "ua",
    "mask": "+380(41444)__-__",
    "region": "Me tahame olukorda muuta",
    "city": "Барановка",
    "operator": ""
},{
    "iso_code": "ua",
    "mask": "+380(4145)_-__-__",
    "region": "Me tahame olukorda muuta",
    "city": "Иршанск",
    "operator": ""
},{
    "iso_code": "ua",
    "mask": "+380(4146)_-__-__",
    "region": "Me tahame olukorda muuta",
    "city": "Быковка",
    "operator": ""
},{
    "iso_code": "ua",
    "mask": "+380(4147)_-__-__",
    "region": "Me tahame olukorda muuta",
    "city": "Любар",
    "operator": ""
},{
    "iso_code": "ua",
    "mask": "+380(4148)_-__-__",
    "region": "Me tahame olukorda muuta",
    "city": "Першотравневое",
    "operator": ""
},{
    "iso_code": "ua",
    "mask": "+380(41483)__-__",
    "region": "Me tahame olukorda muuta",
    "city": "Овруч",
    "operator": ""
},{
    "iso_code": "ua",
    "mask": "+380(4149)_-__-__",
    "region": "Me tahame olukorda muuta",
    "city": "Яблонец",
    "operator": ""
},{
    "iso_code": "ua",
    "mask": "+380(41494)__-__",
    "region": "Me tahame olukorda muuta",
    "city": "Емильчино",
    "operator": ""
},{
    "iso_code": "ua",
    "mask": "+380(4161)_-__-__",
    "region": "Me tahame olukorda muuta",
    "city": "Лугины",
    "operator": ""
},{
    "iso_code": "ua",
    "mask": "+380(4162)_-__-__",
    "region": "Me tahame olukorda muuta",
    "city": "Брусилов",
    "operator": ""
},{
    "iso_code": "ua",
    "mask": "+380(4191)_-__-__",
    "region": "Me tahame olukorda muuta",
    "city": "Жовтневое",
    "operator": ""
},{
    "iso_code": "ua",
    "mask": "+380(43)___-__-__",
    "region": "Vinnitsa oblast",
    "city": "Vinnõtsja",
    "operator": ""
},{
    "iso_code": "ua",
    "mask": "+380(432)__-__-__",
    "region": "Vinnitsa oblast",
    "city": "Стрижавка",
    "operator": ""
},{
    "iso_code": "ua",
    "mask": "+380(4330)_-__-__",
    "region": "Vinnitsa oblast",
    "city": "Оратов",
    "operator": ""
},{
    "iso_code": "ua",
    "mask": "+380(4331)_-__-__",
    "region": "Vinnitsa oblast",
    "city": "Брацлав",
    "operator": ""
},{
    "iso_code": "ua",
    "mask": "+380(4332)_-__-__",
    "region": "Vinnitsa oblast",
    "city": "Браилов",
    "operator": ""
},{
    "iso_code": "ua",
    "mask": "+380(4333)_-__-__",
    "region": "Vinnitsa oblast",
    "city": "Калиновка",
    "operator": ""
},{
    "iso_code": "ua",
    "mask": "+380(4334)_-__-__",
    "region": "Vinnitsa oblast",
    "city": "Гайсин",
    "operator": ""
},{
    "iso_code": "ua",
    "mask": "+380(4335)_-__-__",
    "region": "Vinnitsa oblast",
    "city": "Кирнасовка",
    "operator": ""
},{
    "iso_code": "ua",
    "mask": "+380(4336)_-__-__",
    "region": "Vinnitsa oblast",
    "city": "Ямполь",
    "operator": ""
},{
    "iso_code": "ua",
    "mask": "+380(4337)_-__-__",
    "region": "Vinnitsa oblast",
    "city": "Mogiljov-Подольский",
    "operator": ""
},{
    "iso_code": "ua",
    "mask": "+380(43)386-1_-__",
    "region": "Vinnitsa oblast",
    "city": "Ulanov",
    "operator": ""
},{
    "iso_code": "ua",
    "mask": "+380(43388)__-__",
    "region": "Vinnitsa oblast",
    "city": "Хмельник",
    "operator": ""
},{
    "iso_code": "ua",
    "mask": "+380(4340)_-__-__",
    "region": "Vinnitsa oblast",
    "city": "Крыжополь",
    "operator": ""
},{
    "iso_code": "ua",
    "mask": "+380(4341)_-__-__",
    "region": "Vinnitsa oblast",
    "city": "Копайгород",
    "operator": ""
},{
    "iso_code": "ua",
    "mask": "+380(43410)__-__",
    "region": "Vinnitsa oblast",
    "city": "Baar",
    "operator": ""
},{
    "iso_code": "ua",
    "mask": "+380(4342)_-__-__",
    "region": "Vinnitsa oblast",
    "city": "Казатин",
    "operator": ""
},{
    "iso_code": "ua",
    "mask": "+380(4343)_-__-__",
    "region": "Vinnitsa oblast",
    "city": "Ладыжин",
    "operator": ""
},{
    "iso_code": "ua",
    "mask": "+380(4344)_-__-__",
    "region": "Vinnitsa oblast",
    "city": "Шаргород",
    "operator": ""
},{
    "iso_code": "ua",
    "mask": "+380(4345)_-__-__",
    "region": "Vinnitsa oblast",
    "city": "Дашев",
    "operator": ""
},{
    "iso_code": "ua",
    "mask": "+380(4346)_-__-__",
    "region": "Vinnitsa oblast",
    "city": "Погребище",
    "operator": ""
},{
    "iso_code": "ua",
    "mask": "+380(4347)_-__-__",
    "region": "Vinnitsa oblast",
    "city": "Литин",
    "operator": ""
},{
    "iso_code": "ua",
    "mask": "+380(4348)_-__-__",
    "region": "Vinnitsa oblast",
    "city": "Томашполь",
    "operator": ""
},{
    "iso_code": "ua",
    "mask": "+380(4349)_-__-__",
    "region": "Vinnitsa oblast",
    "city": "Песчанка",
    "operator": ""
},{
    "iso_code": "ua",
    "mask": "+380(4350)_-__-__",
    "region": "Vinnitsa oblast",
    "city": "Вапнярка",
    "operator": ""
},{
    "iso_code": "ua",
    "mask": "+380(4351)_-__-__",
    "region": "Vinnitsa oblast",
    "city": "Чечельник",
    "operator": ""
},{
    "iso_code": "ua",
    "mask": "+380(4352)_-__-__",
    "region": "Vinnitsa oblast",
    "city": "Бершадь",
    "operator": ""
},{
    "iso_code": "ua",
    "mask": "+380(4353)_-__-__",
    "region": "Vinnitsa oblast",
    "city": "Теплик",
    "operator": ""
},{
    "iso_code": "ua",
    "mask": "+380(4355)_-__-__",
    "region": "Vinnitsa oblast",
    "city": "Гнивань",
    "operator": ""
},{
    "iso_code": "ua",
    "mask": "+380(4356)_-__-__",
    "region": "Vinnitsa oblast",
    "city": "Мурованые Куриловцы",
    "operator": ""
},{
    "iso_code": "ua",
    "mask": "+380(4358)_-__-__",
    "region": "Vinnitsa oblast",
    "city": "Липовец",
    "operator": ""
},{
    "iso_code": "ua",
    "mask": "+380(44)___-__-__",
    "region": "Kiiev piirkond",
    "city": "Kiiev",
    "operator": ""
},{
    "iso_code": "ua",
    "mask": "+380(44474)__-__",
    "region": "Kiiev piirkond",
    "city": "Мироновка",
    "operator": ""
},{
    "iso_code": "ua",
    "mask": "+380(4460)_-__-__",
    "region": "Kiiev piirkond",
    "city": "Тетиев",
    "operator": ""
},{
    "iso_code": "ua",
    "mask": "+380(4461)_-__-__",
    "region": "Kiiev piirkond",
    "city": "Bogusław",
    "operator": ""
},{
    "iso_code": "ua",
    "mask": "+380(4462)_-__-__",
    "region": "Kiiev piirkond",
    "city": "Ракитное",
    "operator": ""
},{
    "iso_code": "ua",
    "mask": "+380(4463)_-__-__",
    "region": "Kiiev piirkond",
    "city": "Valge Kirik",
    "operator": ""
},{
    "iso_code": "ua",
    "mask": "+380(4464)_-__-__",
    "region": "Kiiev piirkond",
    "city": "Ставище",
    "operator": ""
},{
    "iso_code": "ua",
    "mask": "+380(4465)_-__-__",
    "region": "Kiiev piirkond",
    "city": "Боровая",
    "operator": ""
},{
    "iso_code": "ua",
    "mask": "+380(4466)_-__-__",
    "region": "Kiiev piirkond",
    "city": "Тараща",
    "operator": ""
},{
    "iso_code": "ua",
    "mask": "+380(4467)_-__-__",
    "region": "Kiiev piirkond",
    "city": "Pereyaslav-Hmelnitski",
    "operator": ""
},{
    "iso_code": "ua",
    "mask": "+380(4468)_-__-__",
    "region": "Kiiev piirkond",
    "city": "Сквира",
    "operator": ""
},{
    "iso_code": "ua",
    "mask": "+380(4470)_-__-__",
    "region": "Kiiev piirkond",
    "city": "Згуровка",
    "operator": ""
},{
    "iso_code": "ua",
    "mask": "+380(4471)_-__-__",
    "region": "Kiiev piirkond",
    "city": "Глеваха",
    "operator": ""
},{
    "iso_code": "ua",
    "mask": "+380(4472)_-__-__",
    "region": "Kiiev piirkond",
    "city": "Kozin",
    "operator": ""
},{
    "iso_code": "ua",
    "mask": "+380(4473)_-__-__",
    "region": "Kiiev piirkond",
    "city": "Кагарлык",
    "operator": ""
},{
    "iso_code": "ua",
    "mask": "+380(4475)_-__-__",
    "region": "Kiiev piirkond",
    "city": "Яготин",
    "operator": ""
},{
    "iso_code": "ua",
    "mask": "+380(4476)_-__-__",
    "region": "Kiiev piirkond",
    "city": "Барышевка",
    "operator": ""
},{
    "iso_code": "ua",
    "mask": "+380(4477)_-__-__",
    "region": "Kiiev piirkond",
    "city": "Бабинцы",
    "operator": ""
},{
    "iso_code": "ua",
    "mask": "+380(4478)_-__-__",
    "region": "Kiiev piirkond",
    "city": "Makarov",
    "operator": ""
},{
    "iso_code": "ua",
    "mask": "+380(4479)_-__-__",
    "region": "Kiiev piirkond",
    "city": "Slavutych",
    "operator": ""
},{
    "iso_code": "ua",
    "mask": "+380(4491)_-__-__",
    "region": "Kiiev piirkond",
    "city": "Иванков",
    "operator": ""
},{
    "iso_code": "ua",
    "mask": "+380(4492)_-__-__",
    "region": "Kiiev piirkond",
    "city": "Полесское",
    "operator": ""
},{
    "iso_code": "ua",
    "mask": "+380(4493)_-__-__",
    "region": "Kiiev piirkond",
    "city": "Chernobyl",
    "operator": ""
},{
    "iso_code": "ua",
    "mask": "+380(4494)_-__-__",
    "region": "Kiiev piirkond",
    "city": "Rasva",
    "operator": ""
},{
    "iso_code": "ua",
    "mask": "+380(4495)_-__-__",
    "region": "Kiiev piirkond",
    "city": "Борисполь",
    "operator": ""
},{
    "iso_code": "ua",
    "mask": "+380(4496)_-__-__",
    "region": "Kiiev piirkond",
    "city": "Дымер",
    "operator": ""
},{
    "iso_code": "ua",
    "mask": "+380(4497)_-__-__",
    "region": "Kiiev piirkond",
    "city": "Booch",
    "operator": ""
},{
    "iso_code": "ua",
    "mask": "+380(4498)_-__-__",
    "region": "Kiiev piirkond",
    "city": "Боярка",
    "operator": ""
},{
    "iso_code": "ua",
    "mask": "+380(46)___-__-__",
    "region": "Chernihiv ala",
    "city": "Чернигов",
    "operator": ""
},{
    "iso_code": "ua",
    "mask": "+380(462)__-__-__",
    "region": "Chernihiv ala",
    "city": "Чернигов",
    "operator": ""
},{
    "iso_code": "ua",
    "mask": "+380(4622)_-__-__",
    "region": "Chernihiv ala",
    "city": "Чернигов",
    "operator": ""
},{
    "iso_code": "ua",
    "mask": "+380(4631)_-__-__",
    "region": "Chernihiv ala",
    "city": "Лосиновка",
    "operator": ""
},{
    "iso_code": "ua",
    "mask": "+380(4632)_-__-__",
    "region": "Chernihiv ala",
    "city": "Бобровица",
    "operator": ""
},{
    "iso_code": "ua",
    "mask": "+380(4633)_-__-__",
    "region": "Chernihiv ala",
    "city": "Sõprus",
    "operator": ""
},{
    "iso_code": "ua",
    "mask": "+380(4634)_-__-__",
    "region": "Chernihiv ala",
    "city": "Талалаевка",
    "operator": ""
},{
    "iso_code": "ua",
    "mask": "+380(4635)_-__-__",
    "region": "Chernihiv ala",
    "city": "Бахмач",
    "operator": ""
},{
    "iso_code": "ua",
    "mask": "+380(4636)_-__-__",
    "region": "Chernihiv ala",
    "city": "Varna",
    "operator": ""
},{
    "iso_code": "ua",
    "mask": "+380(4637)_-__-__",
    "region": "Chernihiv ala",
    "city": "Viiruk",
    "operator": ""
},{
    "iso_code": "ua",
    "mask": "+380(4639)_-__-__",
    "region": "Chernihiv ala",
    "city": "Дегтяри",
    "operator": ""
},{
    "iso_code": "ua",
    "mask": "+380(4641)_-__-__",
    "region": "Chernihiv ala",
    "city": "Добрянка",
    "operator": ""
},{
    "iso_code": "ua",
    "mask": "+380(4642)_-__-__",
    "region": "Chernihiv ala",
    "city": "Носовка",
    "operator": ""
},{
    "iso_code": "ua",
    "mask": "+380(4643)_-__-__",
    "region": "Chernihiv ala",
    "city": "Куликовка",
    "operator": ""
},{
    "iso_code": "ua",
    "mask": "+380(4644)_-__-__",
    "region": "Chernihiv ala",
    "city": "Березна",
    "operator": ""
},{
    "iso_code": "ua",
    "mask": "+380(4645)_-__-__",
    "region": "Chernihiv ala",
    "city": "Городня",
    "operator": ""
},{
    "iso_code": "ua",
    "mask": "+380(4646)_-__-__",
    "region": "Chernihiv ala",
    "city": "Desna",
    "operator": ""
},{
    "iso_code": "ua",
    "mask": "+380(4653)_-__-__",
    "region": "Chernihiv ala",
    "city": "Борзна",
    "operator": ""
},{
    "iso_code": "ua",
    "mask": "+380(4654)_-__-__",
    "region": "Chernihiv ala",
    "city": "Щорс",
    "operator": ""
},{
    "iso_code": "ua",
    "mask": "+380(4655)_-__-__",
    "region": "Chernihiv ala",
    "city": "Сосница",
    "operator": ""
},{
    "iso_code": "ua",
    "mask": "+380(4656)_-__-__",
    "region": "Chernihiv ala",
    "city": "Короп",
    "operator": ""
},{
    "iso_code": "ua",
    "mask": "+380(4657)_-__-__",
    "region": "Chernihiv ala",
    "city": "Mäed",
    "operator": ""
},{
    "iso_code": "ua",
    "mask": "+380(4658)_-__-__",
    "region": "Chernihiv ala",
    "city": "Novgorod-Северский",
    "operator": ""
},{
    "iso_code": "ua",
    "mask": "+380(4659)_-__-__",
    "region": "Chernihiv ala",
    "city": "Семеновка",
    "operator": ""
},{
    "iso_code": "ua",
    "mask": "+380(47)___-__-__",
    "region": "Черкасская ala",
    "city": "Черкассы",
    "operator": ""
},{
    "iso_code": "ua",
    "mask": "+380(472)__-__-__",
    "region": "Черкасская ala",
    "city": "Черкассы",
    "operator": ""
},{
    "iso_code": "ua",
    "mask": "+380(4722)_-__-__",
    "region": "Черкасская ala",
    "city": "Ирдынь",
    "operator": ""
},{
    "iso_code": "ua",
    "mask": "+380(4730)_-__-__",
    "region": "Черкасская ala",
    "city": "Чигирин",
    "operator": ""
},{
    "iso_code": "ua",
    "mask": "+380(4731)_-__-__",
    "region": "Черкасская ala",
    "city": "Тальное",
    "operator": ""
},{
    "iso_code": "ua",
    "mask": "+380(4732)_-__-__",
    "region": "Черкасская ala",
    "city": "Keris",
    "operator": ""
},{
    "iso_code": "ua",
    "mask": "+380(4733)_-__-__",
    "region": "Черкасская ala",
    "city": "Ротмистровка",
    "operator": ""
},{
    "iso_code": "ua",
    "mask": "+380(4734)_-__-__",
    "region": "Черкасская ala",
    "city": "Linnamägi",
    "operator": ""
},{
    "iso_code": "ua",
    "mask": "+380(4735)_-__-__",
    "region": "Черкасская ala",
    "city": "Korsun-Shevchenkivskyi",
    "operator": ""
},{
    "iso_code": "ua",
    "mask": "+380(4736)_-__-__",
    "region": "Черкасская ala",
    "city": "Канев",
    "operator": ""
},{
    "iso_code": "ua",
    "mask": "+380(4737)_-__-__",
    "region": "Черкасская ala",
    "city": "Золотоноша",
    "operator": ""
},{
    "iso_code": "ua",
    "mask": "+380(4738)_-__-__",
    "region": "Черкасская ala",
    "city": "Драбов",
    "operator": ""
},{
    "iso_code": "ua",
    "mask": "+380(4739)_-__-__",
    "region": "Черкасская ala",
    "city": "Чернобай",
    "operator": ""
},{
    "iso_code": "ua",
    "mask": "+380(4740)_-__-__",
    "region": "Черкасская ala",
    "city": "Ватутино",
    "operator": ""
},{
    "iso_code": "ua",
    "mask": "+380(4741)_-__-__",
    "region": "Черкасская ala",
    "city": "Шпола",
    "operator": ""
},{
    "iso_code": "ua",
    "mask": "+380(4742)_-__-__",
    "region": "Черкасская ala",
    "city": "Катеринополь",
    "operator": ""
},{
    "iso_code": "ua",
    "mask": "+380(4744)_-__-__",
    "region": "Черкасская ala",
    "city": "Умань",
    "operator": ""
},{
    "iso_code": "ua",
    "mask": "+380(4745)_-__-__",
    "region": "Черкасская ala",
    "city": "Христиновка",
    "operator": ""
},{
    "iso_code": "ua",
    "mask": "+380(4746)_-__-__",
    "region": "Черкасская ala",
    "city": "Монастырище",
    "operator": ""
},{
    "iso_code": "ua",
    "mask": "+380(4747)_-__-__",
    "region": "Черкасская ala",
    "city": "Жашков",
    "operator": ""
},{
    "iso_code": "ua",
    "mask": "+380(4748)_-__-__",
    "region": "Черкасская ala",
    "city": "Буки",
    "operator": ""
},{
    "iso_code": "ua",
    "mask": "+380(4749)_-__-__",
    "region": "Черкасская ala",
    "city": "Лысянка",
    "operator": ""
},{
    "iso_code": "ua",
    "mask": "+380(48)___-__-__",
    "region": "Odessa oblast",
    "city": "Odessa",
    "operator": ""
},{
    "iso_code": "ua",
    "mask": "+380(482)__-__-__",
    "region": "Odessa oblast",
    "city": "Uued Беляры",
    "operator": ""
},{
    "iso_code": "ua",
    "mask": "+380(4840)_-__-__",
    "region": "Odessa oblast",
    "city": "Reni",
    "operator": ""
},{
    "iso_code": "ua",
    "mask": "+380(4841)_-__-__",
    "region": "Odessa oblast",
    "city": "Ismael",
    "operator": ""
},{
    "iso_code": "ua",
    "mask": "+380(4843)_-__-__",
    "region": "Odessa oblast",
    "city": "Килия",
    "operator": ""
},{
    "iso_code": "ua",
    "mask": "+380(4844)_-__-__",
    "region": "Odessa oblast",
    "city": "Татарбунары",
    "operator": ""
},{
    "iso_code": "ua",
    "mask": "+380(4845)_-__-__",
    "region": "Odessa oblast",
    "city": "Арциз",
    "operator": ""
},{
    "iso_code": "ua",
    "mask": "+380(4846)_-__-__",
    "region": "Odessa oblast",
    "city": "Болград",
    "operator": ""
},{
    "iso_code": "ua",
    "mask": "+380(4847)_-__-__",
    "region": "Odessa oblast",
    "city": "Березино",
    "operator": ""
},{
    "iso_code": "ua",
    "mask": "+380(4848)_-__-__",
    "region": "Odessa oblast",
    "city": "Сарата",
    "operator": ""
},{
    "iso_code": "ua",
    "mask": "+380(4849)_-__-__",
    "region": "Odessa oblast",
    "city": "Belgorod-Днестровский",
    "operator": ""
},{
    "iso_code": "ua",
    "mask": "+380(4851)_-__-__",
    "region": "Odessa oblast",
    "city": "Овидиополь",
    "operator": ""
},{
    "iso_code": "ua",
    "mask": "+380(4852)_-__-__",
    "region": "Odessa oblast",
    "city": "Беляевка",
    "operator": ""
},{
    "iso_code": "ua",
    "mask": "+380(4853)_-__-__",
    "region": "Odessa oblast",
    "city": "Лиманское",
    "operator": ""
},{
    "iso_code": "ua",
    "mask": "+380(4854)_-__-__",
    "region": "Odessa oblast",
    "city": "Ivanovka",
    "operator": ""
},{
    "iso_code": "ua",
    "mask": "+380(4855)_-__-__",
    "region": "Odessa oblast",
    "city": "Коминтерновское",
    "operator": ""
},{
    "iso_code": "ua",
    "mask": "+380(4856)_-__-__",
    "region": "Odessa oblast",
    "city": "Березовка",
    "operator": ""
},{
    "iso_code": "ua",
    "mask": "+380(4858)_-__-__",
    "region": "Odessa oblast",
    "city": "Ширяево",
    "operator": ""
},{
    "iso_code": "ua",
    "mask": "+380(4859)_-__-__",
    "region": "Odessa oblast",
    "city": "Цебриково",
    "operator": ""
},{
    "iso_code": "ua",
    "mask": "+380(4860)_-__-__",
    "region": "Odessa oblast",
    "city": "Фрунзовка",
    "operator": ""
},{
    "iso_code": "ua",
    "mask": "+380(4861)_-__-__",
    "region": "Odessa oblast",
    "city": "Punased Окны",
    "operator": ""
},{
    "iso_code": "ua",
    "mask": "+380(4862)_-__-__",
    "region": "Odessa oblast",
    "city": "Котовск",
    "operator": ""
},{
    "iso_code": "ua",
    "mask": "+380(4864)_-__-__",
    "region": "Odessa oblast",
    "city": "Любашевка",
    "operator": ""
},{
    "iso_code": "ua",
    "mask": "+380(4865)_-__-__",
    "region": "Odessa oblast",
    "city": "Саврань",
    "operator": ""
},{
    "iso_code": "ua",
    "mask": "+380(4866)_-__-__",
    "region": "Odessa oblast",
    "city": "Balta",
    "operator": ""
},{
    "iso_code": "ua",
    "mask": "+380(4867)_-__-__",
    "region": "Odessa oblast",
    "city": "Кодыма",
    "operator": ""
},{
    "iso_code": "ua",
    "mask": "+380(4868)_-__-__",
    "region": "Odessa oblast",
    "city": "Ильичевск",
    "operator": ""
},{
    "iso_code": "ua",
    "mask": "+380(51)___-__-__",
    "region": "Nikolaev ala",
    "city": "Nikolajevi",
    "operator": ""
},{
    "iso_code": "ua",
    "mask": "+380(512)__-__-__",
    "region": "Nikolaev ala",
    "city": "Nikolajevi",
    "operator": ""
},{
    "iso_code": "ua",
    "mask": "+380(5131)_-__-__",
    "region": "Nikolaev ala",
    "city": "Vennalik",
    "operator": ""
},{
    "iso_code": "ua",
    "mask": "+380(5132)_-__-__",
    "region": "Nikolaev ala",
    "city": "Арбузинка",
    "operator": ""
},{
    "iso_code": "ua",
    "mask": "+380(5133)_-__-__",
    "region": "Nikolaev ala",
    "city": "Kõverad Järv",
    "operator": ""
},{
    "iso_code": "ua",
    "mask": "+380(5134)_-__-__",
    "region": "Nikolaev ala",
    "city": "Александровка",
    "operator": ""
},{
    "iso_code": "ua",
    "mask": "+380(5135)_-__-__",
    "region": "Nikolaev ala",
    "city": "Врадиевка",
    "operator": ""
},{
    "iso_code": "ua",
    "mask": "+380(5136)_-__-__",
    "region": "Nikolaev ala",
    "city": "Южноукраинск",
    "operator": ""
},{
    "iso_code": "ua",
    "mask": "+380(5151)_-__-__",
    "region": "Nikolaev ala",
    "city": "Uus Bug",
    "operator": ""
},{
    "iso_code": "ua",
    "mask": "+380(5152)_-__-__",
    "region": "Nikolaev ala",
    "city": "Доманевка",
    "operator": ""
},{
    "iso_code": "ua",
    "mask": "+380(5153)_-__-__",
    "region": "Nikolaev ala",
    "city": "Березанка",
    "operator": ""
},{
    "iso_code": "ua",
    "mask": "+380(5154)_-__-__",
    "region": "Nikolaev ala",
    "city": "Очаков",
    "operator": ""
},{
    "iso_code": "ua",
    "mask": "+380(5158)_-__-__",
    "region": "Nikolaev ala",
    "city": "Баштанка",
    "operator": ""
},{
    "iso_code": "ua",
    "mask": "+380(5159)_-__-__",
    "region": "Nikolaev ala",
    "city": "Еланец",
    "operator": ""
},{
    "iso_code": "ua",
    "mask": "+380(5161)_-__-__",
    "region": "Nikolaev ala",
    "city": "Первомайск",
    "operator": ""
},{
    "iso_code": "ua",
    "mask": "+380(5162)_-__-__",
    "region": "Nikolaev ala",
    "city": "Снигиревка",
    "operator": ""
},{
    "iso_code": "ua",
    "mask": "+380(5163)_-__-__",
    "region": "Nikolaev ala",
    "city": "Кудрявцевка",
    "operator": ""
},{
    "iso_code": "ua",
    "mask": "+380(5164)_-__-__",
    "region": "Nikolaev ala",
    "city": "Казанка",
    "operator": ""
},{
    "iso_code": "ua",
    "mask": "+380(5167)_-__-__",
    "region": "Nikolaev ala",
    "city": "Uus Odessa",
    "operator": ""
},{
    "iso_code": "ua",
    "mask": "+380(5168)_-__-__",
    "region": "Nikolaev ala",
    "city": "Березнеговатое",
    "operator": ""
},{
    "iso_code": "ua",
    "mask": "+380(52)___-__-__",
    "region": "Kirovograd ala",
    "city": "Kirovograd",
    "operator": ""
},{
    "iso_code": "ua",
    "mask": "+380(522)__-__-__",
    "region": "Kirovograd ala",
    "city": "Kirovograd",
    "operator": ""
},{
    "iso_code": "ua",
    "mask": "+380(5233)_-__-__",
    "region": "Kirovograd ala",
    "city": "Znamenka",
    "operator": ""
},{
    "iso_code": "ua",
    "mask": "+380(5234)_-__-__",
    "region": "Kirovograd ala",
    "city": "Долинская",
    "operator": ""
},{
    "iso_code": "ua",
    "mask": "+380(5235)_-__-__",
    "region": "Kirovograd ala",
    "city": "Димитрово",
    "operator": ""
},{
    "iso_code": "ua",
    "mask": "+380(5236)_-__-__",
    "region": "Kirovograd ala",
    "city": "Светловодск",
    "operator": ""
},{
    "iso_code": "ua",
    "mask": "+380(5237)_-__-__",
    "region": "Kirovograd ala",
    "city": "Петрово",
    "operator": ""
},{
    "iso_code": "ua",
    "mask": "+380(5238)_-__-__",
    "region": "Kirovograd ala",
    "city": "Онуфриевка",
    "operator": ""
},{
    "iso_code": "ua",
    "mask": "+380(5239)_-__-__",
    "region": "Kirovograd ala",
    "city": "Устиновка",
    "operator": ""
},{
    "iso_code": "ua",
    "mask": "+380(5240)_-__-__",
    "region": "Kirovograd ala",
    "city": "Компанеевка",
    "operator": ""
},{
    "iso_code": "ua",
    "mask": "+380(5241)_-__-__",
    "region": "Kirovograd ala",
    "city": "Новгородка",
    "operator": ""
},{
    "iso_code": "ua",
    "mask": "+380(5242)_-__-__",
    "region": "Kirovograd ala",
    "city": "Александровка",
    "operator": ""
},{
    "iso_code": "ua",
    "mask": "+380(5250)_-__-__",
    "region": "Kirovograd ala",
    "city": "Ольшанка",
    "operator": ""
},{
    "iso_code": "ua",
    "mask": "+380(5251)_-__-__",
    "region": "Kirovograd ala",
    "city": "Новоукраинка",
    "operator": ""
},{
    "iso_code": "ua",
    "mask": "+380(5252)_-__-__",
    "region": "Kirovograd ala",
    "city": "Голованевск",
    "operator": ""
},{
    "iso_code": "ua",
    "mask": "+380(5253)_-__-__",
    "region": "Kirovograd ala",
    "city": "Добровеличковка",
    "operator": ""
},{
    "iso_code": "ua",
    "mask": "+380(5254)_-__-__",
    "region": "Kirovograd ala",
    "city": "Гайворон",
    "operator": ""
},{
    "iso_code": "ua",
    "mask": "+380(5255)_-__-__",
    "region": "Kirovograd ala",
    "city": "Новоархангельск",
    "operator": ""
},{
    "iso_code": "ua",
    "mask": "+380(5256)_-__-__",
    "region": "Kirovograd ala",
    "city": "Капитановка",
    "operator": ""
},{
    "iso_code": "ua",
    "mask": "+380(5257)_-__-__",
    "region": "Kirovograd ala",
    "city": "Бобринец",
    "operator": ""
},{
    "iso_code": "ua",
    "mask": "+380(5258)_-__-__",
    "region": "Kirovograd ala",
    "city": "Väike Виска",
    "operator": ""
},{
    "iso_code": "ua",
    "mask": "+380(5259)_-__-__",
    "region": "Kirovograd ala",
    "city": "Ульяновка",
    "operator": ""
},{
    "iso_code": "ua",
    "mask": "+380(53)___-__-__",
    "region": "Poltava piirkonnas",
    "city": "Полтава",
    "operator": ""
},{
    "iso_code": "ua",
    "mask": "+380(532)__-__-__",
    "region": "Poltava piirkonnas",
    "city": "Полтава",
    "operator": ""
},{
    "iso_code": "ua",
    "mask": "+380(5340)_-__-__",
    "region": "Poltava piirkonnas",
    "city": "Чернухи",
    "operator": ""
},{
    "iso_code": "ua",
    "mask": "+380(5341)_-__-__",
    "region": "Poltava piirkonnas",
    "city": "Семеновка",
    "operator": ""
},{
    "iso_code": "ua",
    "mask": "+380(5342)_-__-__",
    "region": "Poltava piirkonnas",
    "city": "Козельщина",
    "operator": ""
},{
    "iso_code": "ua",
    "mask": "+380(5343)_-__-__",
    "region": "Poltava piirkonnas",
    "city": "Кобеляки",
    "operator": ""
},{
    "iso_code": "ua",
    "mask": "+380(5344)_-__-__",
    "region": "Poltava piirkonnas",
    "city": "Uued Санжары",
    "operator": ""
},{
    "iso_code": "ua",
    "mask": "+380(5345)_-__-__",
    "region": "Poltava piirkonnas",
    "city": "Гоголево",
    "operator": ""
},{
    "iso_code": "ua",
    "mask": "+380(5346)_-__-__",
    "region": "Poltava piirkonnas",
    "city": "Карловка",
    "operator": ""
},{
    "iso_code": "ua",
    "mask": "+380(5347)_-__-__",
    "region": "Poltava piirkonnas",
    "city": "Артемовка",
    "operator": ""
},{
    "iso_code": "ua",
    "mask": "+380(5348)_-__-__",
    "region": "Poltava piirkonnas",
    "city": "Komsomolsk",
    "operator": ""
},{
    "iso_code": "ua",
    "mask": "+380(5350)_-__-__",
    "region": "Poltava piirkonnas",
    "city": "Котельва",
    "operator": ""
},{
    "iso_code": "ua",
    "mask": "+380(5351)_-__-__",
    "region": "Poltava piirkonnas",
    "city": "Диканька",
    "operator": ""
},{
    "iso_code": "ua",
    "mask": "+380(5352)_-__-__",
    "region": "Poltava piirkonnas",
    "city": "Шишаки",
    "operator": ""
},{
    "iso_code": "ua",
    "mask": "+380(5353)_-__-__",
    "region": "Poltava piirkonnas",
    "city": "Опошня",
    "operator": ""
},{
    "iso_code": "ua",
    "mask": "+380(5354)_-__-__",
    "region": "Poltava piirkonnas",
    "city": "Гадяч",
    "operator": ""
},{
    "iso_code": "ua",
    "mask": "+380(5355)_-__-__",
    "region": "Poltava piirkonnas",
    "city": "Камышня",
    "operator": ""
},{
    "iso_code": "ua",
    "mask": "+380(5356)_-__-__",
    "region": "Poltava piirkonnas",
    "city": "Червонозаводское",
    "operator": ""
},{
    "iso_code": "ua",
    "mask": "+380(5357)_-__-__",
    "region": "Poltava piirkonnas",
    "city": "Новооржицкое",
    "operator": ""
},{
    "iso_code": "ua",
    "mask": "+380(5358)_-__-__",
    "region": "Poltava piirkonnas",
    "city": "Пирятин",
    "operator": ""
},{
    "iso_code": "ua",
    "mask": "+380(5359)_-__-__",
    "region": "Poltava piirkonnas",
    "city": "Гребенка",
    "operator": ""
},{
    "iso_code": "ua",
    "mask": "+380(53615)__-__",
    "region": "Poltava piirkonnas",
    "city": "Лубны",
    "operator": ""
},{
    "iso_code": "ua",
    "mask": "+380(5362)_-__-__",
    "region": "Poltava piirkonnas",
    "city": "Хорол",
    "operator": ""
},{
    "iso_code": "ua",
    "mask": "+380(5363)_-__-__",
    "region": "Poltava piirkonnas",
    "city": "Решетиловка",
    "operator": ""
},{
    "iso_code": "ua",
    "mask": "+380(5364)_-__-__",
    "region": "Poltava piirkonnas",
    "city": "Машевка",
    "operator": ""
},{
    "iso_code": "ua",
    "mask": "+380(5365)_-__-__",
    "region": "Poltava piirkonnas",
    "city": "Глобино",
    "operator": ""
},{
    "iso_code": "ua",
    "mask": "+380(54)___-__-__",
    "region": "Sumy ala",
    "city": "Pauna",
    "operator": ""
},{
    "iso_code": "ua",
    "mask": "+380(542)__-__-__",
    "region": "Sumy ala",
    "city": "Хотин",
    "operator": ""
},{
    "iso_code": "ua",
    "mask": "+380(5422)_-__-__",
    "region": "Sumy ala",
    "city": "Степановка",
    "operator": ""
},{
    "iso_code": "ua",
    "mask": "+380(5442)_-__-__",
    "region": "Sumy ala",
    "city": "Путивль",
    "operator": ""
},{
    "iso_code": "ua",
    "mask": "+380(5443)_-__-__",
    "region": "Sumy ala",
    "city": "Белополье",
    "operator": ""
},{
    "iso_code": "ua",
    "mask": "+380(5444)_-__-__",
    "region": "Sumy ala",
    "city": "Червоное",
    "operator": ""
},{
    "iso_code": "ua",
    "mask": "+380(5445)_-__-__",
    "region": "Sumy ala",
    "city": "Лебедин",
    "operator": ""
},{
    "iso_code": "ua",
    "mask": "+380(5446)_-__-__",
    "region": "Sumy ala",
    "city": "Чупаховка",
    "operator": ""
},{
    "iso_code": "ua",
    "mask": "+380(5447)_-__-__",
    "region": "Sumy ala",
    "city": "Дубовязовка",
    "operator": ""
},{
    "iso_code": "ua",
    "mask": "+380(5448)_-__-__",
    "region": "Sumy ala",
    "city": "Ромны",
    "operator": ""
},{
    "iso_code": "ua",
    "mask": "+380(5449)_-__-__",
    "region": "Sumy ala",
    "city": "Шостка",
    "operator": ""
},{
    "iso_code": "ua",
    "mask": "+380(5451)_-__-__",
    "region": "Sumy ala",
    "city": "Mid-Buda",
    "operator": ""
},{
    "iso_code": "ua",
    "mask": "+380(5452)_-__-__",
    "region": "Sumy ala",
    "city": "Läänepärnade Valley",
    "operator": ""
},{
    "iso_code": "ua",
    "mask": "+380(5453)_-__-__",
    "region": "Sumy ala",
    "city": "Кролевец",
    "operator": ""
},{
    "iso_code": "ua",
    "mask": "+380(5454)_-__-__",
    "region": "Sumy ala",
    "city": "Бурынь",
    "operator": ""
},{
    "iso_code": "ua",
    "mask": "+380(5455)_-__-__",
    "region": "Sumy ala",
    "city": "Недригайлов",
    "operator": ""
},{
    "iso_code": "ua",
    "mask": "+380(5456)_-__-__",
    "region": "Sumy ala",
    "city": "Sõprus",
    "operator": ""
},{
    "iso_code": "ua",
    "mask": "+380(5457)_-__-__",
    "region": "Sumy ala",
    "city": "Кириковка",
    "operator": ""
},{
    "iso_code": "ua",
    "mask": "+380(5458)_-__-__",
    "region": "Sumy ala",
    "city": "Тростянец",
    "operator": ""
},{
    "iso_code": "ua",
    "mask": "+380(5459)_-__-__",
    "region": "Sumy ala",
    "city": "Краснополье",
    "operator": ""
},{
    "iso_code": "ua",
    "mask": "+380(55)___-__-__",
    "region": "Kherson ala",
    "city": "Herson",
    "operator": ""
},{
    "iso_code": "ua",
    "mask": "+380(552)__-__-__",
    "region": "Kherson ala",
    "city": "Herson",
    "operator": ""
},{
    "iso_code": "ua",
    "mask": "+380(5530)_-__-__",
    "region": "Kherson ala",
    "city": "Каланчак",
    "operator": ""
},{
    "iso_code": "ua",
    "mask": "+380(5531)_-__-__",
    "region": "Kherson ala",
    "city": "Ivanovka",
    "operator": ""
},{
    "iso_code": "ua",
    "mask": "+380(5532)_-__-__",
    "region": "Kherson ala",
    "city": "Valge Криница",
    "operator": ""
},{
    "iso_code": "ua",
    "mask": "+380(5533)_-__-__",
    "region": "Kherson ala",
    "city": "Нововоронцовка",
    "operator": ""
},{
    "iso_code": "ua",
    "mask": "+380(5534)_-__-__",
    "region": "Kherson ala",
    "city": "Геническ",
    "operator": ""
},{
    "iso_code": "ua",
    "mask": "+380(5535)_-__-__",
    "region": "Kherson ala",
    "city": "Архангельское",
    "operator": ""
},{
    "iso_code": "ua",
    "mask": "+380(5536)_-__-__",
    "region": "Kherson ala",
    "city": "Каховка",
    "operator": ""
},{
    "iso_code": "ua",
    "mask": "+380(5537)_-__-__",
    "region": "Kherson ala",
    "city": "Antonovka",
    "operator": ""
},{
    "iso_code": "ua",
    "mask": "+380(5538)_-__-__",
    "region": "Kherson ala",
    "city": "Аскания-Uus",
    "operator": ""
},{
    "iso_code": "ua",
    "mask": "+380(5539)_-__-__",
    "region": "Kherson ala",
    "city": "Alasti Jahisadam",
    "operator": ""
},{
    "iso_code": "ua",
    "mask": "+380(5540)_-__-__",
    "region": "Kherson ala",
    "city": "Alumised Серогозы",
    "operator": ""
},{
    "iso_code": "ua",
    "mask": "+380(5542)_-__-__",
    "region": "Kherson ala",
    "city": "Брилевка",
    "operator": ""
},{
    "iso_code": "ua",
    "mask": "+380(55431)__-__",
    "region": "Kherson ala",
    "city": "Рубановка",
    "operator": ""
},{
    "iso_code": "ua",
    "mask": "+380(5544)_-__-__",
    "region": "Kherson ala",
    "city": "Горностаевка",
    "operator": ""
},{
    "iso_code": "ua",
    "mask": "+380(5545)_-__-__",
    "region": "Kherson ala",
    "city": "Ülemine Рогачик",
    "operator": ""
},{
    "iso_code": "ua",
    "mask": "+380(5546)_-__-__",
    "region": "Kherson ala",
    "city": "Берислав",
    "operator": ""
},{
    "iso_code": "ua",
    "mask": "+380(5547)_-__-__",
    "region": "Kherson ala",
    "city": "Белозерка",
    "operator": ""
},{
    "iso_code": "ua",
    "mask": "+380(5548)_-__-__",
    "region": "Kherson ala",
    "city": "Новотроицкое",
    "operator": ""
},{
    "iso_code": "ua",
    "mask": "+380(5549)_-__-__",
    "region": "Kherson ala",
    "city": "Uus Каховка",
    "operator": ""
},{
    "iso_code": "ua",
    "mask": "+380(56)___-__-__",
    "region": "Dnipropetrovsk piirkond",
    "city": "Dnipropetrovsk",
    "operator": ""
},{
    "iso_code": "ua",
    "mask": "+380(5610)_-__-__",
    "region": "Dnipropetrovsk piirkond",
    "city": "Царичанка",
    "operator": ""
},{
    "iso_code": "ua",
    "mask": "+380(5611)_-__-__",
    "region": "Dnipropetrovsk piirkond",
    "city": "Магдалиновка",
    "operator": ""
},{
    "iso_code": "ua",
    "mask": "+380(5612)_-__-__",
    "region": "Dnipropetrovsk piirkond",
    "city": "Губиниха",
    "operator": ""
},{
    "iso_code": "ua",
    "mask": "+380(5615)_-__-__",
    "region": "Dnipropetrovsk piirkond",
    "city": "Синельниково",
    "operator": ""
},{
    "iso_code": "ua",
    "mask": "+380(5616)_-__-__",
    "region": "Dnipropetrovsk piirkond",
    "city": "Soolane",
    "operator": ""
},{
    "iso_code": "ua",
    "mask": "+380(5617)_-__-__",
    "region": "Dnipropetrovsk piirkond",
    "city": "Аулы",
    "operator": ""
},{
    "iso_code": "ua",
    "mask": "+380(5618)_-__-__",
    "region": "Dnipropetrovsk piirkond",
    "city": "Новониколаевка",
    "operator": ""
},{
    "iso_code": "ua",
    "mask": "+380(562)__-__-__",
    "region": "Dnipropetrovsk piirkond",
    "city": "Dnipropetrovsk",
    "operator": ""
},{
    "iso_code": "ua",
    "mask": "+380(564)__-__-__",
    "region": "Dnipropetrovsk piirkond",
    "city": "Kõver Sarv",
    "operator": ""
},{
    "iso_code": "ua",
    "mask": "+380(5650)_-__-__",
    "region": "Dnipropetrovsk piirkond",
    "city": "Софиевка",
    "operator": ""
},{
    "iso_code": "ua",
    "mask": "+380(56510)__-__",
    "region": "Dnipropetrovsk piirkond",
    "city": "Пятихатки",
    "operator": ""
},{
    "iso_code": "ua",
    "mask": "+380(5652)_-__-__",
    "region": "Dnipropetrovsk piirkond",
    "city": "Kollane Vett",
    "operator": ""
},{
    "iso_code": "ua",
    "mask": "+380(5653)_-__-__",
    "region": "Dnipropetrovsk piirkond",
    "city": "Вольногорск",
    "operator": ""
},{
    "iso_code": "ua",
    "mask": "+380(5655)_-__-__",
    "region": "Dnipropetrovsk piirkond",
    "city": "Зеленодольск",
    "operator": ""
},{
    "iso_code": "ua",
    "mask": "+380(5656)_-__-__",
    "region": "Dnipropetrovsk piirkond",
    "city": "Апостолово",
    "operator": ""
},{
    "iso_code": "ua",
    "mask": "+380(5657)_-__-__",
    "region": "Dnipropetrovsk piirkond",
    "city": "Николаевка",
    "operator": ""
},{
    "iso_code": "ua",
    "mask": "+380(5662)_-__-__",
    "region": "Dnipropetrovsk piirkond",
    "city": "Червоногригоровка",
    "operator": ""
},{
    "iso_code": "ua",
    "mask": "+380(5665)_-__-__",
    "region": "Dnipropetrovsk piirkond",
    "city": "Mangaan",
    "operator": ""
},{
    "iso_code": "ua",
    "mask": "+380(5667)_-__-__",
    "region": "Dnipropetrovsk piirkond",
    "city": "Орджоникидзе",
    "operator": ""
},{
    "iso_code": "ua",
    "mask": "+380(5668)_-__-__",
    "region": "Dnipropetrovsk piirkond",
    "city": "Томаковка",
    "operator": ""
},{
    "iso_code": "ua",
    "mask": "+380(5670)_-__-__",
    "region": "Dnipropetrovsk piirkond",
    "city": "Межевая",
    "operator": ""
},{
    "iso_code": "ua",
    "mask": "+380(5671)_-__-__",
    "region": "Dnipropetrovsk piirkond",
    "city": "Петропавловка",
    "operator": ""
},{
    "iso_code": "ua",
    "mask": "+380(5672)_-__-__",
    "region": "Dnipropetrovsk piirkond",
    "city": "Павлоград",
    "operator": ""
},{
    "iso_code": "ua",
    "mask": "+380(5673)_-__-__",
    "region": "Dnipropetrovsk piirkond",
    "city": "Першотравенск",
    "operator": ""
},{
    "iso_code": "ua",
    "mask": "+380(5678)_-__-__",
    "region": "Dnipropetrovsk piirkond",
    "city": "Покровское",
    "operator": ""
},{
    "iso_code": "ua",
    "mask": "+380(5679)_-__-__",
    "region": "Dnipropetrovsk piirkond",
    "city": "Чаплино",
    "operator": ""
},{
    "iso_code": "ua",
    "mask": "+380(5692)_-__-__",
    "region": "Dnipropetrovsk piirkond",
    "city": "Днепродзержинск",
    "operator": ""
},{
    "iso_code": "ua",
    "mask": "+380(57)___-__-__",
    "region": "Harkovi oblast",
    "city": "Harkovi",
    "operator": ""
},{
    "iso_code": "ua",
    "mask": "+380(572)__-__-__",
    "region": "Harkovi oblast",
    "city": "Бабаи",
    "operator": ""
},{
    "iso_code": "ua",
    "mask": "+380(5733)_-__-__",
    "region": "Harkovi oblast",
    "city": "Коломак",
    "operator": ""
},{
    "iso_code": "ua",
    "mask": "+380(5740)_-__-__",
    "region": "Harkovi oblast",
    "city": "Uus Водолага",
    "operator": ""
},{
    "iso_code": "ua",
    "mask": "+380(5741)_-__-__",
    "region": "Harkovi oblast",
    "city": "Vana Салтов",
    "operator": ""
},{
    "iso_code": "ua",
    "mask": "+380(5742)_-__-__",
    "region": "Harkovi oblast",
    "city": "Ковшаровка",
    "operator": ""
},{
    "iso_code": "ua",
    "mask": "+380(5743)_-__-__",
    "region": "Harkovi oblast",
    "city": "Rosinad",
    "operator": ""
},{
    "iso_code": "ua",
    "mask": "+380(57442)__-__",
    "region": "Harkovi oblast",
    "city": "Красноград",
    "operator": ""
},{
    "iso_code": "ua",
    "mask": "+380(5745)_-__-__",
    "region": "Harkovi oblast",
    "city": "Краснопавловка",
    "operator": ""
},{
    "iso_code": "ua",
    "mask": "+380(5746)_-__-__",
    "region": "Harkovi oblast",
    "city": "Чкаловское",
    "operator": ""
},{
    "iso_code": "ua",
    "mask": "+380(5747)_-__-__",
    "region": "Harkovi oblast",
    "city": "Комсомольское",
    "operator": ""
},{
    "iso_code": "ua",
    "mask": "+380(5748)_-__-__",
    "region": "Harkovi oblast",
    "city": "Первомайский",
    "operator": ""
},{
    "iso_code": "ua",
    "mask": "+380(5749)_-__-__",
    "region": "Harkovi oblast",
    "city": "Балаклея",
    "operator": ""
},{
    "iso_code": "ua",
    "mask": "+380(5750)_-__-__",
    "region": "Harkovi oblast",
    "city": "Двуречная",
    "operator": ""
},{
    "iso_code": "ua",
    "mask": "+380(5751)_-__-__",
    "region": "Harkovi oblast",
    "city": "Шевченково",
    "operator": ""
},{
    "iso_code": "ua",
    "mask": "+380(5752)_-__-__",
    "region": "Harkovi oblast",
    "city": "Приколотное",
    "operator": ""
},{
    "iso_code": "ua",
    "mask": "+380(5753)_-__-__",
    "region": "Harkovi oblast",
    "city": "Ковяги",
    "operator": ""
},{
    "iso_code": "ua",
    "mask": "+380(5754)_-__-__",
    "region": "Harkovi oblast",
    "city": "Близнюки",
    "operator": ""
},{
    "iso_code": "ua",
    "mask": "+380(5755)_-__-__",
    "region": "Harkovi oblast",
    "city": "Чапаево",
    "operator": ""
},{
    "iso_code": "ua",
    "mask": "+380(5756)_-__-__",
    "region": "Harkovi oblast",
    "city": "Константиновка",
    "operator": ""
},{
    "iso_code": "ua",
    "mask": "+380(57572)__-__",
    "region": "Harkovi oblast",
    "city": "Barvenkovo",
    "operator": ""
},{
    "iso_code": "ua",
    "mask": "+380(5758)_-__-__",
    "region": "Harkovi oblast",
    "city": "Богодухов",
    "operator": ""
},{
    "iso_code": "ua",
    "mask": "+380(5759)_-__-__",
    "region": "Harkovi oblast",
    "city": "Боровая",
    "operator": ""
},{
    "iso_code": "ua",
    "mask": "+380(5761)_-__-__",
    "region": "Harkovi oblast",
    "city": "Зачепиловка",
    "operator": ""
},{
    "iso_code": "ua",
    "mask": "+380(5762)_-__-__",
    "region": "Harkovi oblast",
    "city": "Sahnovschina",
    "operator": ""
},{
    "iso_code": "ua",
    "mask": "+380(5763)_-__-__",
    "region": "Harkovi oblast",
    "city": "Черкасская Linna",
    "operator": ""
},{
    "iso_code": "ua",
    "mask": "+380(5764)_-__-__",
    "region": "Harkovi oblast",
    "city": "Золочев",
    "operator": ""
},{
    "iso_code": "ua",
    "mask": "+380(5765)_-__-__",
    "region": "Harkovi oblast",
    "city": "Печенеги",
    "operator": ""
},{
    "iso_code": "ua",
    "mask": "+380(61)___-__-__",
    "region": "Ala zaporozhye",
    "city": "Zaporozhye",
    "operator": ""
},{
    "iso_code": "ua",
    "mask": "+380(612)__-__-__",
    "region": "Ala zaporozhye",
    "city": "Балабино",
    "operator": ""
},{
    "iso_code": "ua",
    "mask": "+380(6131)_-__-__",
    "region": "Ala zaporozhye",
    "city": "Кирилловка",
    "operator": ""
},{
    "iso_code": "ua",
    "mask": "+380(6132)_-__-__",
    "region": "Ala zaporozhye",
    "city": "Loo",
    "operator": ""
},{
    "iso_code": "ua",
    "mask": "+380(6133)_-__-__",
    "region": "Ala zaporozhye",
    "city": "Нововасилевка",
    "operator": ""
},{
    "iso_code": "ua",
    "mask": "+380(6136)_-__-__",
    "region": "Ala zaporozhye",
    "city": "Lõbus",
    "operator": ""
},{
    "iso_code": "ua",
    "mask": "+380(6137)_-__-__",
    "region": "Ala zaporozhye",
    "city": "Primorsk",
    "operator": ""
},{
    "iso_code": "ua",
    "mask": "+380(6138)_-__-__",
    "region": "Ala zaporozhye",
    "city": "Keris-Днепровская",
    "operator": ""
},{
    "iso_code": "ua",
    "mask": "+380(6139)_-__-__",
    "region": "Ala zaporozhye",
    "city": "Энергодар",
    "operator": ""
},{
    "iso_code": "ua",
    "mask": "+380(6140)_-__-__",
    "region": "Ala zaporozhye",
    "city": "Черниговка",
    "operator": ""
},{
    "iso_code": "ua",
    "mask": "+380(6141)_-__-__",
    "region": "Ala zaporozhye",
    "city": "Kamyshevakha",
    "operator": ""
},{
    "iso_code": "ua",
    "mask": "+380(6142)_-__-__",
    "region": "Ala zaporozhye",
    "city": "Мелитополь",
    "operator": ""
},{
    "iso_code": "ua",
    "mask": "+380(6143)_-__-__",
    "region": "Ala zaporozhye",
    "city": "Вольнянск",
    "operator": ""
},{
    "iso_code": "ua",
    "mask": "+380(6144)_-__-__",
    "region": "Ala zaporozhye",
    "city": "Новониколаевка",
    "operator": ""
},{
    "iso_code": "ua",
    "mask": "+380(6145)_-__-__",
    "region": "Ala zaporozhye",
    "city": "Gulyaypole",
    "operator": ""
},{
    "iso_code": "ua",
    "mask": "+380(6147)_-__-__",
    "region": "Ala zaporozhye",
    "city": "Pilliroog-Koit",
    "operator": ""
},{
    "iso_code": "ua",
    "mask": "+380(6153)_-__-__",
    "region": "Ala zaporozhye",
    "city": "Бердянск",
    "operator": ""
},{
    "iso_code": "ua",
    "mask": "+380(6162)_-__-__",
    "region": "Ala zaporozhye",
    "city": "Розовка",
    "operator": ""
},{
    "iso_code": "ua",
    "mask": "+380(6165)_-__-__",
    "region": "Ala zaporozhye",
    "city": "Пологи",
    "operator": ""
},{
    "iso_code": "ua",
    "mask": "+380(6175)_-__-__",
    "region": "Ala zaporozhye",
    "city": "Днепрорудное",
    "operator": ""
},{
    "iso_code": "ua",
    "mask": "+380(6178)_-__-__",
    "region": "Ala zaporozhye",
    "city": "Токмак",
    "operator": ""
},{
    "iso_code": "ua",
    "mask": "+380(62)___-__-__",
    "region": "Donetski oblast",
    "city": "Donetsk",
    "operator": ""
},{
    "iso_code": "ua",
    "mask": "+380(622)__-__-__",
    "region": "Donetski oblast",
    "city": "Donetsk",
    "operator": ""
},{
    "iso_code": "ua",
    "mask": "+380(6212)_-__-__",
    "region": "Donetski oblast",
    "city": "Красногоровка",
    "operator": ""
},{
    "iso_code": "ua",
    "mask": "+380(6213)_-__-__",
    "region": "Donetski oblast",
    "city": "Suur Novoselka",
    "operator": ""
},{
    "iso_code": "ua",
    "mask": "+380(6214)_-__-__",
    "region": "Donetski oblast",
    "city": "Докучаевск",
    "operator": ""
},{
    "iso_code": "ua",
    "mask": "+380(6217)_-__-__",
    "region": "Donetski oblast",
    "city": "Комсомольское",
    "operator": ""
},{
    "iso_code": "ua",
    "mask": "+380(6232)_-__-__",
    "region": "Donetski oblast",
    "city": "Makiyivka",
    "operator": ""
},{
    "iso_code": "ua",
    "mask": "+380(6236)_-__-__",
    "region": "Donetski oblast",
    "city": "Avdeevka",
    "operator": ""
},{
    "iso_code": "ua",
    "mask": "+380(6237)_-__-__",
    "region": "Donetski oblast",
    "city": "Горняк",
    "operator": ""
},{
    "iso_code": "ua",
    "mask": "+380(6239)_-__-__",
    "region": "Donetski oblast",
    "city": "Dimitrov",
    "operator": ""
},{
    "iso_code": "ua",
    "mask": "+380(6242)_-__-__",
    "region": "Donetski oblast",
    "city": "Горловка",
    "operator": ""
},{
    "iso_code": "ua",
    "mask": "+380(6247)_-__-__",
    "region": "Donetski oblast",
    "city": "Dzeržinsk",
    "operator": ""
},{
    "iso_code": "ua",
    "mask": "+380(6249)_-__-__",
    "region": "Donetski oblast",
    "city": "Дебальцево",
    "operator": ""
},{
    "iso_code": "ua",
    "mask": "+380(6250)_-__-__",
    "region": "Donetski oblast",
    "city": "Кировское",
    "operator": ""
},{
    "iso_code": "ua",
    "mask": "+380(6252)_-__-__",
    "region": "Donetski oblast",
    "city": "Дружное",
    "operator": ""
},{
    "iso_code": "ua",
    "mask": "+380(6254)_-__-__",
    "region": "Donetski oblast",
    "city": "Thorez",
    "operator": ""
},{
    "iso_code": "ua",
    "mask": "+380(6255)_-__-__",
    "region": "Donetski oblast",
    "city": "Шахтерск",
    "operator": ""
},{
    "iso_code": "ua",
    "mask": "+380(6256)_-__-__",
    "region": "Donetski oblast",
    "city": "Бражино",
    "operator": ""
},{
    "iso_code": "ua",
    "mask": "+380(6257)_-__-__",
    "region": "Donetski oblast",
    "city": "Иловайск",
    "operator": ""
},{
    "iso_code": "ua",
    "mask": "+380(6259)_-__-__",
    "region": "Donetski oblast",
    "city": "Амвросиевка",
    "operator": ""
},{
    "iso_code": "ua",
    "mask": "+380(6261)_-__-__",
    "region": "Donetski oblast",
    "city": "Дробышево",
    "operator": ""
},{
    "iso_code": "ua",
    "mask": "+380(6262)_-__-__",
    "region": "Donetski oblast",
    "city": "Андреевка",
    "operator": ""
},{
    "iso_code": "ua",
    "mask": "+380(6264)_-__-__",
    "region": "Donetski oblast",
    "city": "Беленькое",
    "operator": ""
},{
    "iso_code": "ua",
    "mask": "+380(6267)_-__-__",
    "region": "Donetski oblast",
    "city": "Дружковка",
    "operator": ""
},{
    "iso_code": "ua",
    "mask": "+380(6269)_-__-__",
    "region": "Donetski oblast",
    "city": "Александровка",
    "operator": ""
},{
    "iso_code": "ua",
    "mask": "+380(6272)_-__-__",
    "region": "Donetski oblast",
    "city": "Константиновка",
    "operator": ""
},{
    "iso_code": "ua",
    "mask": "+380(6273)_-__-__",
    "region": "Donetski oblast",
    "city": "Угледар",
    "operator": ""
},{
    "iso_code": "ua",
    "mask": "+380(6274)_-__-__",
    "region": "Donetski oblast",
    "city": "Artemivsk",
    "operator": ""
},{
    "iso_code": "ua",
    "mask": "+380(6277)_-__-__",
    "region": "Donetski oblast",
    "city": "Белозерское",
    "operator": ""
},{
    "iso_code": "ua",
    "mask": "+380(6279)_-__-__",
    "region": "Donetski oblast",
    "city": "Тельманово",
    "operator": ""
},{
    "iso_code": "ua",
    "mask": "+380(629)__-__-__",
    "region": "Donetski oblast",
    "city": "Mariupol",
    "operator": ""
},{
    "iso_code": "ua",
    "mask": "+380(6296)_-__-__",
    "region": "Donetski oblast",
    "city": "Новоазовск",
    "operator": ""
},{
    "iso_code": "ua",
    "mask": "+380(6297)_-__-__",
    "region": "Donetski oblast",
    "city": "Першотравневое",
    "operator": ""
},{
    "iso_code": "ua",
    "mask": "+380(6299)_-__-__",
    "region": "Donetski oblast",
    "city": "Rahulik",
    "operator": ""
},{
    "iso_code": "ua",
    "mask": "+380(64)___-__-__",
    "region": "Lugansk ala",
    "city": "Lugansk",
    "operator": ""
},{
    "iso_code": "ua",
    "mask": "+380(642)__-__-__",
    "region": "Lugansk ala",
    "city": "Luhansk",
    "operator": ""
},{
    "iso_code": "ua",
    "mask": "+380(6431)_-__-__",
    "region": "Lugansk ala",
    "city": "Antratsiit",
    "operator": ""
},{
    "iso_code": "ua",
    "mask": "+380(6432)_-__-__",
    "region": "Lugansk ala",
    "city": "Punane Kiir",
    "operator": ""
},{
    "iso_code": "ua",
    "mask": "+380(6433)_-__-__",
    "region": "Lugansk ala",
    "city": "Ровеньки",
    "operator": ""
},{
    "iso_code": "ua",
    "mask": "+380(6434)_-__-__",
    "region": "Lugansk ala",
    "city": "Viin",
    "operator": ""
},{
    "iso_code": "ua",
    "mask": "+380(6435)_-__-__",
    "region": "Lugansk ala",
    "city": "Изварино",
    "operator": ""
},{
    "iso_code": "ua",
    "mask": "+380(6436)_-__-__",
    "region": "Lugansk ala",
    "city": "Лутугино",
    "operator": ""
},{
    "iso_code": "ua",
    "mask": "+380(6441)_-__-__",
    "region": "Lugansk ala",
    "city": "Перевальск",
    "operator": ""
},{
    "iso_code": "ua",
    "mask": "+380(6442)_-__-__",
    "region": "Lugansk ala",
    "city": "Алчевск",
    "operator": ""
},{
    "iso_code": "ua",
    "mask": "+380(6443)_-__-__",
    "region": "Lugansk ala",
    "city": "Брянка",
    "operator": ""
},{
    "iso_code": "ua",
    "mask": "+380(6444)_-__-__",
    "region": "Lugansk ala",
    "city": "Stakhanov",
    "operator": ""
},{
    "iso_code": "ua",
    "mask": "+380(6445)_-__-__",
    "region": "Lugansk ala",
    "city": "Новоайдар",
    "operator": ""
},{
    "iso_code": "ua",
    "mask": "+380(6446)_-__-__",
    "region": "Lugansk ala",
    "city": "Kirovsk",
    "operator": ""
},{
    "iso_code": "ua",
    "mask": "+380(6451)_-__-__",
    "region": "Lugansk ala",
    "city": "Лисичанск",
    "operator": ""
},{
    "iso_code": "ua",
    "mask": "+380(6452)_-__-__",
    "region": "Lugansk ala",
    "city": "Северодонецк",
    "operator": ""
},{
    "iso_code": "ua",
    "mask": "+380(6453)_-__-__",
    "region": "Lugansk ala",
    "city": "Рубежное",
    "operator": ""
},{
    "iso_code": "ua",
    "mask": "+380(6454)_-__-__",
    "region": "Lugansk ala",
    "city": "Кременная",
    "operator": ""
},{
    "iso_code": "ua",
    "mask": "+380(6455)_-__-__",
    "region": "Lugansk ala",
    "city": "Первомайск",
    "operator": ""
},{
    "iso_code": "ua",
    "mask": "+380(6456)_-__-__",
    "region": "Lugansk ala",
    "city": "Троицкое",
    "operator": ""
},{
    "iso_code": "ua",
    "mask": "+380(6461)_-__-__",
    "region": "Lugansk ala",
    "city": "Старобельск",
    "operator": ""
},{
    "iso_code": "ua",
    "mask": "+380(6462)_-__-__",
    "region": "Lugansk ala",
    "city": "Белокуракино",
    "operator": ""
},{
    "iso_code": "ua",
    "mask": "+380(6463)_-__-__",
    "region": "Lugansk ala",
    "city": "Белолуцк",
    "operator": ""
},{
    "iso_code": "ua",
    "mask": "+380(6464)_-__-__",
    "region": "Lugansk ala",
    "city": "Марковка",
    "operator": ""
},{
    "iso_code": "ua",
    "mask": "+380(6465)_-__-__",
    "region": "Lugansk ala",
    "city": "Меловое",
    "operator": ""
},{
    "iso_code": "ua",
    "mask": "+380(6471)_-__-__",
    "region": "Lugansk ala",
    "city": "Alumine Дуванка",
    "operator": ""
},{
    "iso_code": "ua",
    "mask": "+380(6472)_-__-__",
    "region": "Lugansk ala",
    "city": "Станица Lugansk",
    "operator": ""
},{
    "iso_code": "ua",
    "mask": "+380(6473)_-__-__",
    "region": "Lugansk ala",
    "city": "Фрунзе",
    "operator": ""
},{
    "iso_code": "ua",
    "mask": "+380(6474)_-__-__",
    "region": "Lugansk ala",
    "city": "Попасная",
    "operator": ""
},{
    "iso_code": "ua",
    "mask": "+380(65)___-__-__",
    "region": "Krimmi Autonoomne Vabariik",
    "city": "Симферополь",
    "operator": ""
},{
    "iso_code": "ua",
    "mask": "+380(652)__-__-__",
    "region": "Krimmi Autonoomne Vabariik",
    "city": "Аэрофлотский",
    "operator": ""
},{
    "iso_code": "ua",
    "mask": "+380(654)__-__-__",
    "region": "Krimmi Autonoomne Vabariik",
    "city": "Алупка",
    "operator": ""
},{
    "iso_code": "ua",
    "mask": "+380(6550)_-__-__",
    "region": "Krimmi Autonoomne Vabariik",
    "city": "Нижнегорский",
    "operator": ""
},{
    "iso_code": "ua",
    "mask": "+380(6551)_-__-__",
    "region": "Krimmi Autonoomne Vabariik",
    "city": "Nõukogude",
    "operator": ""
},{
    "iso_code": "ua",
    "mask": "+380(6552)_-__-__",
    "region": "Krimmi Autonoomne Vabariik",
    "city": "Первомайский linnaosa",
    "operator": ""
},{
    "iso_code": "ua",
    "mask": "+380(6553)_-__-__",
    "region": "Krimmi Autonoomne Vabariik",
    "city": "Novoselovskoe",
    "operator": ""
},{
    "iso_code": "ua",
    "mask": "+380(6554)_-__-__",
    "region": "Krimmi Autonoomne Vabariik",
    "city": "Бахчисарай",
    "operator": ""
},{
    "iso_code": "ua",
    "mask": "+380(6555)_-__-__",
    "region": "Krimmi Autonoomne Vabariik",
    "city": "Кировское",
    "operator": ""
},{
    "iso_code": "ua",
    "mask": "+380(6556)_-__-__",
    "region": "Krimmi Autonoomne Vabariik",
    "city": "Красногвардейское",
    "operator": ""
},{
    "iso_code": "ua",
    "mask": "+380(6557)_-__-__",
    "region": "Krimmi Autonoomne Vabariik",
    "city": "Багерово",
    "operator": ""
},{
    "iso_code": "ua",
    "mask": "+380(6558)_-__-__",
    "region": "Krimmi Autonoomne Vabariik",
    "city": "Черноморское",
    "operator": ""
},{
    "iso_code": "ua",
    "mask": "+380(6559)_-__-__",
    "region": "Krimmi Autonoomne Vabariik",
    "city": "Зуя",
    "operator": ""
},{
    "iso_code": "ua",
    "mask": "+380(6560)_-__-__",
    "region": "Krimmi Autonoomne Vabariik",
    "city": "Алушта",
    "operator": ""
},{
    "iso_code": "ua",
    "mask": "+380(6561)_-__-__",
    "region": "Krimmi Autonoomne Vabariik",
    "city": "Керчь",
    "operator": ""
},{
    "iso_code": "ua",
    "mask": "+380(6562)_-__-__",
    "region": "Krimmi Autonoomne Vabariik",
    "city": "Феодосия",
    "operator": ""
},{
    "iso_code": "ua",
    "mask": "+380(6563)_-__-__",
    "region": "Krimmi Autonoomne Vabariik",
    "city": "Saki",
    "operator": ""
},{
    "iso_code": "ua",
    "mask": "+380(6564)_-__-__",
    "region": "Krimmi Autonoomne Vabariik",
    "city": "Азовское",
    "operator": ""
},{
    "iso_code": "ua",
    "mask": "+380(6565)_-__-__",
    "region": "Krimmi Autonoomne Vabariik",
    "city": "Армянск",
    "operator": ""
},{
    "iso_code": "ua",
    "mask": "+380(6566)_-__-__",
    "region": "Krimmi Autonoomne Vabariik",
    "city": "Курортное",
    "operator": ""
},{
    "iso_code": "ua",
    "mask": "+380(6569)_-__-__",
    "region": "Krimmi Autonoomne Vabariik",
    "city": "Новоозерное",
    "operator": ""
},{
    "iso_code": "ua",
    "mask": "+380(69)___-__-__",
    "region": "Krimmi Autonoomne Vabariik",
    "city": "Севастополь",
    "operator": ""
},{
    "iso_code": "ua",
    "mask": "+380(692)__-__-__",
    "region": "Krimmi Autonoomne Vabariik",
    "city": "Белокаменск",
    "operator": ""
},{
    "iso_code": "ua",
    "mask": "+38(039)___-__-__",
    "region": "Ukraina",
    "city": "Kõik linnad",
    "operator": "Киевстар (Golden Telecom)"
},{
    "iso_code": "ua",
    "mask": "+38(067)___-__-__",
    "region": "Ukraina",
    "city": "Kõik linnad",
    "operator": "Киевстар"
},{
    "iso_code": "ua",
    "mask": "+38(068)___-__-__",
    "region": "Ukraina",
    "city": "Kõik linnad",
    "operator": "Киевстар"
},{
    "iso_code": "ua",
    "mask": "+38(096)___-__-__",
    "region": "Ukraina",
    "city": "Kõik linnad",
    "operator": "Киевстар"
},{
    "iso_code": "ua",
    "mask": "+38(097)___-__-__",
    "region": "Ukraina",
    "city": "Kõik linnad",
    "operator": "Киевстар"
},{
    "iso_code": "ua",
    "mask": "+38(098)___-__-__",
    "region": "Ukraina",
    "city": "Kõik linnad",
    "operator": "Киевстар"
},{
    "iso_code": "ua",
    "mask": "+38(066)___-__-__",
    "region": "Ukraina",
    "city": "Kõik linnad",
    "operator": "MTS"
},{
    "iso_code": "ua",
    "mask": "+38(050)___-__-__",
    "region": "Ukraina",
    "city": "Kõik linnad",
    "operator": "MTS"
},{
    "iso_code": "ua",
    "mask": "+38(095)___-__-__",
    "region": "Ukraina",
    "city": "Kõik linnad",
    "operator": "MTS"
},{
    "iso_code": "ua",
    "mask": "+38(099)___-__-__",
    "region": "Ukraina",
    "city": "Kõik linnad",
    "operator": "MTS"
},{
    "iso_code": "ua",
    "mask": "+38(900)___-__-__",
    "region": "Ukraina",
    "city": "Kõik linnad",
    "operator": "Tasulised teenused "
},{
    "iso_code": "ua",
    "mask": "+38(063)___-__-__",
    "region": "Ukraina",
    "city": "Kõik linnad",
    "operator": "life:)"
},{
    "iso_code": "ua",
    "mask": "+38(093)___-__-__",
    "region": "Ukraina",
    "city": "Kõik linnad",
    "operator": "life:)"
},{
    "iso_code": "ua",
    "mask": "+38(091)___-__-__",
    "region": "Ukraina",
    "city": "Kõik linnad",
    "operator": "Utel"
},{
    "iso_code": "ua",
    "mask": "+38(092)___-__-__",
    "region": "Ukraina",
    "city": "Kõik linnad",
    "operator": "PEOPLEnet"
},{
    "iso_code": "ua",
    "mask": "+38(094)___-__-__",
    "region": "Ukraina",
    "city": "Kõik linnad",
    "operator": "Интертелеком"
}]