[{
    "iso_code": "ua",
    "mask": "+380(312)__-__-__",
    "region": "Закарпатская area",
    "city": "Uzhhorod",
    "operator": ""
},{
    "iso_code": "ua",
    "mask": "+380(3122)_-__-__",
    "region": "Закарпатская area",
    "city": "La media",
    "operator": ""
},{
    "iso_code": "ua",
    "mask": "+380(3131)_-__-__",
    "region": "Закарпатская area",
    "city": "Mukachevo",
    "operator": ""
},{
    "iso_code": "ua",
    "mask": "+380(3132)_-__-__",
    "region": "Закарпатская area",
    "city": "Rakhiv",
    "operator": ""
},{
    "iso_code": "ua",
    "mask": "+380(3133)_-__-__",
    "region": "Закарпатская area",
    "city": "Polyana",
    "operator": ""
},{
    "iso_code": "ua",
    "mask": "+380(3134)_-__-__",
    "region": "Закарпатская area",
    "city": "Буштыно",
    "operator": ""
},{
    "iso_code": "ua",
    "mask": "+380(3135)_-__-__",
    "region": "Закарпатская area",
    "city": "Velikiy Berezniy",
    "operator": ""
},{
    "iso_code": "ua",
    "mask": "+380(3136)_-__-__",
    "region": "Закарпатская area",
    "city": "Inferiori Cancello",
    "operator": ""
},{
    "iso_code": "ua",
    "mask": "+380(3137)_-__-__",
    "region": "Закарпатская area",
    "city": "Chop",
    "operator": ""
},{
    "iso_code": "ua",
    "mask": "+380(3141)_-__-__",
    "region": "Закарпатская area",
    "city": "Berehove",
    "operator": ""
},{
    "iso_code": "ua",
    "mask": "+380(31422)__-__",
    "region": "Закарпатская area",
    "city": "Hust",
    "operator": ""
},{
    "iso_code": "ua",
    "mask": "+380(3143)_-__-__",
    "region": "Закарпатская area",
    "city": "Spine",
    "operator": ""
},{
    "iso_code": "ua",
    "mask": "+380(3144)_-__-__",
    "region": "Закарпатская area",
    "city": "Lungo",
    "operator": ""
},{
    "iso_code": "ua",
    "mask": "+380(3145)_-__-__",
    "region": "Закарпатская area",
    "city": "Перечин",
    "operator": ""
},{
    "iso_code": "ua",
    "mask": "+380(3146)_-__-__",
    "region": "Закарпатская area",
    "city": "Lugansk",
    "operator": ""
},{
    "iso_code": "ua",
    "mask": "+380(32)___-__-__",
    "region": "L'vivs'ka",
    "city": "Leoni",
    "operator": ""
},{
    "iso_code": "ua",
    "mask": "+380(322)__-__-__",
    "region": "L'vivs'ka",
    "city": "Брюховичи",
    "operator": ""
},{
    "iso_code": "ua",
    "mask": "+380(3230)_-__-__",
    "region": "L'vivs'ka",
    "city": "Пустомыты",
    "operator": ""
},{
    "iso_code": "ua",
    "mask": "+380(3231)_-__-__",
    "region": "L'vivs'ka",
    "city": "Città",
    "operator": ""
},{
    "iso_code": "ua",
    "mask": "+380(3234)_-__-__",
    "region": "L'vivs'ka",
    "city": "Мостиска",
    "operator": ""
},{
    "iso_code": "ua",
    "mask": "+380(3236)_-__-__",
    "region": "L'vivs'ka",
    "city": "Дубляны",
    "operator": ""
},{
    "iso_code": "ua",
    "mask": "+380(3238)_-__-__",
    "region": "L'vivs'ka",
    "city": "Добромиль",
    "operator": ""
},{
    "iso_code": "ua",
    "mask": "+380(3239)_-__-__",
    "region": "L'vivs'ka",
    "city": "Гнездычев",
    "operator": ""
},{
    "iso_code": "ua",
    "mask": "+380(3241)_-__-__",
    "region": "L'vivs'ka",
    "city": "Роздол",
    "operator": ""
},{
    "iso_code": "ua",
    "mask": "+380(3244)_-__-__",
    "region": "L'vivs'ka",
    "city": "Дрогобыч",
    "operator": ""
},{
    "iso_code": "ua",
    "mask": "+380(3245)_-__-__",
    "region": "L'vivs'ka",
    "city": "Дашава",
    "operator": ""
},{
    "iso_code": "ua",
    "mask": "+380(3247)_-__-__",
    "region": "L'vivs'ka",
    "city": "Truskavets",
    "operator": ""
},{
    "iso_code": "ua",
    "mask": "+380(3248)_-__-__",
    "region": "L'vivs'ka",
    "city": "Boryslav",
    "operator": ""
},{
    "iso_code": "ua",
    "mask": "+380(3249)_-__-__",
    "region": "L'vivs'ka",
    "city": "Червоноград",
    "operator": ""
},{
    "iso_code": "ua",
    "mask": "+380(3251)_-__-__",
    "region": "L'vivs'ka",
    "city": "Skole",
    "operator": ""
},{
    "iso_code": "ua",
    "mask": "+380(3252)_-__-__",
    "region": "L'vivs'ka",
    "city": "Дубляны",
    "operator": ""
},{
    "iso_code": "ua",
    "mask": "+380(3254)_-__-__",
    "region": "L'vivs'ka",
    "city": "Добротвор",
    "operator": ""
},{
    "iso_code": "ua",
    "mask": "+380(3255)_-__-__",
    "region": "L'vivs'ka",
    "city": "Finissimo",
    "operator": ""
},{
    "iso_code": "ua",
    "mask": "+380(3257)_-__-__",
    "region": "L'vivs'ka",
    "city": "Belz",
    "operator": ""
},{
    "iso_code": "ua",
    "mask": "+380(3259)_-__-__",
    "region": "L'vivs'ka",
    "city": "Ivano-Франково",
    "operator": ""
},{
    "iso_code": "ua",
    "mask": "+380(32606)__-__",
    "region": "L'vivs'ka",
    "city": "Makeevka",
    "operator": ""
},{
    "iso_code": "ua",
    "mask": "+380(3261)_-__-__",
    "region": "L'vivs'ka",
    "city": "Rozdil Nuovo",
    "operator": ""
},{
    "iso_code": "ua",
    "mask": "+380(3263)_-__-__",
    "region": "L'vivs'ka",
    "city": "Бобрка",
    "operator": ""
},{
    "iso_code": "ua",
    "mask": "+380(3264)_-__-__",
    "region": "L'vivs'ka",
    "city": "Busk",
    "operator": ""
},{
    "iso_code": "ua",
    "mask": "+380(3265)_-__-__",
    "region": "L'vivs'ka",
    "city": "Глиняны",
    "operator": ""
},{
    "iso_code": "ua",
    "mask": "+380(3266)_-__-__",
    "region": "L'vivs'ka",
    "city": "Brody",
    "operator": ""
},{
    "iso_code": "ua",
    "mask": "+380(3269)_-__-__",
    "region": "L'vivs'ka",
    "city": "Борыня",
    "operator": ""
},{
    "iso_code": "ua",
    "mask": "+380(33)___-__-__",
    "region": "Volyn area",
    "city": "Luck",
    "operator": ""
},{
    "iso_code": "ua",
    "mask": "+380(332)__-__-__",
    "region": "Volyn area",
    "city": "Luck",
    "operator": ""
},{
    "iso_code": "ua",
    "mask": "+380(3322)_-__-__",
    "region": "Volyn area",
    "city": "Торчин",
    "operator": ""
},{
    "iso_code": "ua",
    "mask": "+380(3342)_-__-__",
    "region": "Volyn area",
    "city": "Устилуг",
    "operator": ""
},{
    "iso_code": "ua",
    "mask": "+380(3344)_-__-__",
    "region": "Volyn area",
    "city": "Нововолынск",
    "operator": ""
},{
    "iso_code": "ua",
    "mask": "+380(3346)_-__-__",
    "region": "Volyn area",
    "city": "Il Vecchio Выжевка",
    "operator": ""
},{
    "iso_code": "ua",
    "mask": "+380(3352)_-__-__",
    "region": "Volyn area",
    "city": "Голобы",
    "operator": ""
},{
    "iso_code": "ua",
    "mask": "+380(3357)_-__-__",
    "region": "Volyn area",
    "city": "Pietra-Каширский",
    "operator": ""
},{
    "iso_code": "ua",
    "mask": "+380(3362)_-__-__",
    "region": "Volyn area",
    "city": "Любешов",
    "operator": ""
},{
    "iso_code": "ua",
    "mask": "+380(3363)_-__-__",
    "region": "Volyn area",
    "city": "Archi",
    "operator": ""
},{
    "iso_code": "ua",
    "mask": "+380(3365)_-__-__",
    "region": "Volyn area",
    "city": "Киверцы",
    "operator": ""
},{
    "iso_code": "ua",
    "mask": "+380(3366)_-__-__",
    "region": "Volyn area",
    "city": "Ratno",
    "operator": ""
},{
    "iso_code": "ua",
    "mask": "+380(3368)_-__-__",
    "region": "Volyn area",
    "city": "Березолуки",
    "operator": ""
},{
    "iso_code": "ua",
    "mask": "+380(3372)_-__-__",
    "region": "Volyn area",
    "city": "Иваничи",
    "operator": ""
},{
    "iso_code": "ua",
    "mask": "+380(3374)_-__-__",
    "region": "Volyn area",
    "city": "Локачи",
    "operator": ""
},{
    "iso_code": "ua",
    "mask": "+380(3376)_-__-__",
    "region": "Volyn area",
    "city": "Spaccare",
    "operator": ""
},{
    "iso_code": "ua",
    "mask": "+380(3377)_-__-__",
    "region": "Volyn area",
    "city": "Capo",
    "operator": ""
},{
    "iso_code": "ua",
    "mask": "+380(3379)_-__-__",
    "region": "Volyn area",
    "city": "Берестечко",
    "operator": ""
},{
    "iso_code": "ua",
    "mask": "+380(34)___-__-__",
    "region": "Ivano-Франковская area",
    "city": "Ivano-Frankivsk",
    "operator": ""
},{
    "iso_code": "ua",
    "mask": "+380(342)__-__-__",
    "region": "Ivano-Франковская area",
    "city": "Ivano-Frankivsk",
    "operator": ""
},{
    "iso_code": "ua",
    "mask": "+380(3430)_-__-__",
    "region": "Ivano-Франковская area",
    "city": "Чернелица",
    "operator": ""
},{
    "iso_code": "ua",
    "mask": "+380(3431)_-__-__",
    "region": "Ivano-Франковская area",
    "city": "Большовцы",
    "operator": ""
},{
    "iso_code": "ua",
    "mask": "+380(3432)_-__-__",
    "region": "Ivano-Франковская area",
    "city": "Verkhovyna",
    "operator": ""
},{
    "iso_code": "ua",
    "mask": "+380(3433)_-__-__",
    "region": "Ivano-Франковская area",
    "city": "Гвоздец",
    "operator": ""
},{
    "iso_code": "ua",
    "mask": "+380(3434)_-__-__",
    "region": "Ivano-Франковская area",
    "city": "Chernigov",
    "operator": ""
},{
    "iso_code": "ua",
    "mask": "+380(34342)__-__",
    "region": "Ivano-Франковская area",
    "city": "Yaremche",
    "operator": ""
},{
    "iso_code": "ua",
    "mask": "+380(3435)_-__-__",
    "region": "Ivano-Франковская area",
    "city": "Букачевцы",
    "operator": ""
},{
    "iso_code": "ua",
    "mask": "+380(3436)_-__-__",
    "region": "Ivano-Франковская area",
    "city": "Лисец",
    "operator": ""
},{
    "iso_code": "ua",
    "mask": "+380(3438)_-__-__",
    "region": "Ivano-Франковская area",
    "city": "Бурштын",
    "operator": ""
},{
    "iso_code": "ua",
    "mask": "+380(3471)_-__-__",
    "region": "Ivano-Франковская area",
    "city": "Богородчаны",
    "operator": ""
},{
    "iso_code": "ua",
    "mask": "+380(3472)_-__-__",
    "region": "Ivano-Франковская area",
    "city": "Kalush",
    "operator": ""
},{
    "iso_code": "ua",
    "mask": "+380(3474)_-__-__",
    "region": "Ivano-Франковская area",
    "city": "Брошнев-Assedio",
    "operator": ""
},{
    "iso_code": "ua",
    "mask": "+380(3475)_-__-__",
    "region": "Ivano-Франковская area",
    "city": "Делятин",
    "operator": ""
},{
    "iso_code": "ua",
    "mask": "+380(3476)_-__-__",
    "region": "Ivano-Франковская area",
    "city": "Снятын",
    "operator": ""
},{
    "iso_code": "ua",
    "mask": "+380(3477)_-__-__",
    "region": "Ivano-Франковская area",
    "city": "Болехов",
    "operator": ""
},{
    "iso_code": "ua",
    "mask": "+380(3478)_-__-__",
    "region": "Ivano-Франковская area",
    "city": "Kosiv",
    "operator": ""
},{
    "iso_code": "ua",
    "mask": "+380(3479)_-__-__",
    "region": "Ivano-Франковская area",
    "city": "Тлумач",
    "operator": ""
},{
    "iso_code": "ua",
    "mask": "+380(35)___-__-__",
    "region": "Ternopil area",
    "city": "Ternopil",
    "operator": ""
},{
    "iso_code": "ua",
    "mask": "+380(352)__-__-__",
    "region": "Ternopil area",
    "city": "Ternopil",
    "operator": ""
},{
    "iso_code": "ua",
    "mask": "+380(3540)_-__-__",
    "region": "Ternopil area",
    "city": "Заложцы",
    "operator": ""
},{
    "iso_code": "ua",
    "mask": "+380(3541)_-__-__",
    "region": "Ternopil area",
    "city": "Борщев",
    "operator": ""
},{
    "iso_code": "ua",
    "mask": "+380(3542)_-__-__",
    "region": "Ternopil area",
    "city": "Подгайцы",
    "operator": ""
},{
    "iso_code": "ua",
    "mask": "+380(3543)_-__-__",
    "region": "Ternopil area",
    "city": "Il Nuovo Villaggio",
    "operator": ""
},{
    "iso_code": "ua",
    "mask": "+380(3544)_-__-__",
    "region": "Ternopil area",
    "city": "Бучач",
    "operator": ""
},{
    "iso_code": "ua",
    "mask": "+380(3546)_-__-__",
    "region": "Ternopil area",
    "city": "Кременец",
    "operator": ""
},{
    "iso_code": "ua",
    "mask": "+380(3547)_-__-__",
    "region": "Ternopil area",
    "city": "Capri",
    "operator": ""
},{
    "iso_code": "ua",
    "mask": "+380(3548)_-__-__",
    "region": "Ternopil area",
    "city": "Бережаны",
    "operator": ""
},{
    "iso_code": "ua",
    "mask": "+380(3549)_-__-__",
    "region": "Ternopil area",
    "city": "Лановцы",
    "operator": ""
},{
    "iso_code": "ua",
    "mask": "+380(3550)_-__-__",
    "region": "Ternopil area",
    "city": "Вишневец",
    "operator": ""
},{
    "iso_code": "ua",
    "mask": "+380(3551)_-__-__",
    "region": "Ternopil area",
    "city": "Микулинцы",
    "operator": ""
},{
    "iso_code": "ua",
    "mask": "+380(3552)_-__-__",
    "region": "Ternopil area",
    "city": "Чортков",
    "operator": ""
},{
    "iso_code": "ua",
    "mask": "+380(3554)_-__-__",
    "region": "Ternopil area",
    "city": "Spessa",
    "operator": ""
},{
    "iso_code": "ua",
    "mask": "+380(3555)_-__-__",
    "region": "Ternopil area",
    "city": "Коропец",
    "operator": ""
},{
    "iso_code": "ua",
    "mask": "+380(3556)_-__-__",
    "region": "Ternopil area",
    "city": "Dubno",
    "operator": ""
},{
    "iso_code": "ua",
    "mask": "+380(3557)_-__-__",
    "region": "Ternopil area",
    "city": "Гримайлов",
    "operator": ""
},{
    "iso_code": "ua",
    "mask": "+380(3558)_-__-__",
    "region": "Ternopil area",
    "city": "Шумск",
    "operator": ""
},{
    "iso_code": "ua",
    "mask": "+380(36)___-__-__",
    "region": "Ровненская area",
    "city": "Esattamente",
    "operator": ""
},{
    "iso_code": "ua",
    "mask": "+380(362)__-__-__",
    "region": "Ровненская area",
    "city": "Клевань",
    "operator": ""
},{
    "iso_code": "ua",
    "mask": "+380(3632)_-__-__",
    "region": "Ровненская area",
    "city": "Заречное",
    "operator": ""
},{
    "iso_code": "ua",
    "mask": "+380(3633)_-__-__",
    "region": "Ровненская area",
    "city": "Радивилов",
    "operator": ""
},{
    "iso_code": "ua",
    "mask": "+380(3634)_-__-__",
    "region": "Ровненская area",
    "city": "Владимирец",
    "operator": ""
},{
    "iso_code": "ua",
    "mask": "+380(3635)_-__-__",
    "region": "Ровненская area",
    "city": "Рокитное",
    "operator": ""
},{
    "iso_code": "ua",
    "mask": "+380(3636)_-__-__",
    "region": "Ровненская area",
    "city": "Кузнецовск",
    "operator": ""
},{
    "iso_code": "ua",
    "mask": "+380(3650)_-__-__",
    "region": "Ровненская area",
    "city": "Гоща",
    "operator": ""
},{
    "iso_code": "ua",
    "mask": "+380(3651)_-__-__",
    "region": "Ровненская area",
    "city": "Корец",
    "operator": ""
},{
    "iso_code": "ua",
    "mask": "+380(3652)_-__-__",
    "region": "Ровненская area",
    "city": "Мизоч",
    "operator": ""
},{
    "iso_code": "ua",
    "mask": "+380(36522)__-__",
    "region": "Ровненская area",
    "city": "Zdolbuniv",
    "operator": ""
},{
    "iso_code": "ua",
    "mask": "+380(3653)_-__-__",
    "region": "Ровненская area",
    "city": "Berezne",
    "operator": ""
},{
    "iso_code": "ua",
    "mask": "+380(3654)_-__-__",
    "region": "Ровненская area",
    "city": "Ostrog",
    "operator": ""
},{
    "iso_code": "ua",
    "mask": "+380(36552)__-__",
    "region": "Ровненская area",
    "city": "Клесов",
    "operator": ""
},{
    "iso_code": "ua",
    "mask": "+380(3656)_-__-__",
    "region": "Ровненская area",
    "city": "Смыга",
    "operator": ""
},{
    "iso_code": "ua",
    "mask": "+380(3657)_-__-__",
    "region": "Ровненская area",
    "city": "Костополь",
    "operator": ""
},{
    "iso_code": "ua",
    "mask": "+380(3658)_-__-__",
    "region": "Ровненская area",
    "city": "Дубровица",
    "operator": ""
},{
    "iso_code": "ua",
    "mask": "+380(3659)_-__-__",
    "region": "Ровненская area",
    "city": "Демидовка",
    "operator": ""
},{
    "iso_code": "ua",
    "mask": "+380(37)___-__-__",
    "region": "Черновицкая area",
    "city": "Chernivtsi",
    "operator": ""
},{
    "iso_code": "ua",
    "mask": "+380(372)__-__-__",
    "region": "Черновицкая area",
    "city": "Chernivtsi",
    "operator": ""
},{
    "iso_code": "ua",
    "mask": "+380(3722)_-__-__",
    "region": "Черновицкая area",
    "city": "Chernivtsi",
    "operator": ""
},{
    "iso_code": "ua",
    "mask": "+380(3730)_-__-__",
    "region": "Черновицкая area",
    "city": "Берегомет",
    "operator": ""
},{
    "iso_code": "ua",
    "mask": "+380(37312)__-__",
    "region": "Черновицкая area",
    "city": "Хотин",
    "operator": ""
},{
    "iso_code": "ua",
    "mask": "+380(3732)_-__-__",
    "region": "Черновицкая area",
    "city": "Кельменцы",
    "operator": ""
},{
    "iso_code": "ua",
    "mask": "+380(3733)_-__-__",
    "region": "Черновицкая area",
    "city": "Новоселица",
    "operator": ""
},{
    "iso_code": "ua",
    "mask": "+380(3734)_-__-__",
    "region": "Черновицкая area",
    "city": "Глыбокая",
    "operator": ""
},{
    "iso_code": "ua",
    "mask": "+380(3735)_-__-__",
    "region": "Черновицкая area",
    "city": "Красноильск",
    "operator": ""
},{
    "iso_code": "ua",
    "mask": "+380(3736)_-__-__",
    "region": "Черновицкая area",
    "city": "Кицмань",
    "operator": ""
},{
    "iso_code": "ua",
    "mask": "+380(3737)_-__-__",
    "region": "Черновицкая area",
    "city": "Кострижевка",
    "operator": ""
},{
    "iso_code": "ua",
    "mask": "+380(3738)_-__-__",
    "region": "Черновицкая area",
    "city": "Путила",
    "operator": ""
},{
    "iso_code": "ua",
    "mask": "+380(3739)_-__-__",
    "region": "Черновицкая area",
    "city": "Сокиряны",
    "operator": ""
},{
    "iso_code": "ua",
    "mask": "+380(3740)_-__-__",
    "region": "Черновицкая area",
    "city": "Hertz",
    "operator": ""
},{
    "iso_code": "ua",
    "mask": "+380(3741)_-__-__",
    "region": "Черновицкая area",
    "city": "Новоднестровск",
    "operator": ""
},{
    "iso_code": "ua",
    "mask": "+380(38)___-__-__",
    "region": "Хмельницкая area",
    "city": "Khmelnitsky",
    "operator": ""
},{
    "iso_code": "ua",
    "mask": "+380(382)__-__-__",
    "region": "Хмельницкая area",
    "city": "Khmelnitsky",
    "operator": ""
},{
    "iso_code": "ua",
    "mask": "+380(3822)_-__-__",
    "region": "Хмельницкая area",
    "city": "L'Isola Nera",
    "operator": ""
},{
    "iso_code": "ua",
    "mask": "+380(3840)_-__-__",
    "region": "Хмельницкая area",
    "city": "Грицев",
    "operator": ""
},{
    "iso_code": "ua",
    "mask": "+380(3841)_-__-__",
    "region": "Хмельницкая area",
    "city": "Ямполь",
    "operator": ""
},{
    "iso_code": "ua",
    "mask": "+380(3842)_-__-__",
    "region": "Хмельницкая area",
    "city": "Slavuta",
    "operator": ""
},{
    "iso_code": "ua",
    "mask": "+380(3843)_-__-__",
    "region": "Хмельницкая area",
    "city": "Полонное",
    "operator": ""
},{
    "iso_code": "ua",
    "mask": "+380(3844)_-__-__",
    "region": "Хмельницкая area",
    "city": "Базалия",
    "operator": ""
},{
    "iso_code": "ua",
    "mask": "+380(3845)_-__-__",
    "region": "Хмельницкая area",
    "city": "Войтовцы",
    "operator": ""
},{
    "iso_code": "ua",
    "mask": "+380(3846)_-__-__",
    "region": "Хмельницкая area",
    "city": "Виньковцы",
    "operator": ""
},{
    "iso_code": "ua",
    "mask": "+380(3847)_-__-__",
    "region": "Хмельницкая area",
    "city": "La Nuova Ушица",
    "operator": ""
},{
    "iso_code": "ua",
    "mask": "+380(3848)_-__-__",
    "region": "Хмельницкая area",
    "city": "Нетешин",
    "operator": ""
},{
    "iso_code": "ua",
    "mask": "+380(3849)_-__-__",
    "region": "Хмельницкая area",
    "city": "Kamianets-Podilskyi",
    "operator": ""
},{
    "iso_code": "ua",
    "mask": "+380(3850)_-__-__",
    "region": "Хмельницкая area",
    "city": "Staraya Siniava",
    "operator": ""
},{
    "iso_code": "ua",
    "mask": "+380(3851)_-__-__",
    "region": "Хмельницкая area",
    "city": "Città",
    "operator": ""
},{
    "iso_code": "ua",
    "mask": "+380(3852)_-__-__",
    "region": "Хмельницкая area",
    "city": "Изяслав",
    "operator": ""
},{
    "iso_code": "ua",
    "mask": "+380(3853)_-__-__",
    "region": "Хмельницкая area",
    "city": "Ярмолинцы",
    "operator": ""
},{
    "iso_code": "ua",
    "mask": "+380(3854)_-__-__",
    "region": "Хмельницкая area",
    "city": "Староконстантинов",
    "operator": ""
},{
    "iso_code": "ua",
    "mask": "+380(3855)_-__-__",
    "region": "Хмельницкая area",
    "city": "Antonina",
    "operator": ""
},{
    "iso_code": "ua",
    "mask": "+380(3856)_-__-__",
    "region": "Хмельницкая area",
    "city": "Деражня",
    "operator": ""
},{
    "iso_code": "ua",
    "mask": "+380(3857)_-__-__",
    "region": "Хмельницкая area",
    "city": "Летичев",
    "operator": ""
},{
    "iso_code": "ua",
    "mask": "+380(3858)_-__-__",
    "region": "Хмельницкая area",
    "city": "Дунаевцы",
    "operator": ""
},{
    "iso_code": "ua",
    "mask": "+380(3859)_-__-__",
    "region": "Хмельницкая area",
    "city": "Чемеровцы",
    "operator": ""
},{
    "iso_code": "ua",
    "mask": "+380(41)___-__-__",
    "region": "La regione di zhitomir",
    "city": "Zhytomyr",
    "operator": ""
},{
    "iso_code": "ua",
    "mask": "+380(412)__-__-__",
    "region": "La regione di zhitomir",
    "city": "Zhytomyr",
    "operator": ""
},{
    "iso_code": "ua",
    "mask": "+380(4122)_-__-__",
    "region": "La regione di zhitomir",
    "city": "Гуйва",
    "operator": ""
},{
    "iso_code": "ua",
    "mask": "+380(4130)_-__-__",
    "region": "La regione di zhitomir",
    "city": "Коростышев",
    "operator": ""
},{
    "iso_code": "ua",
    "mask": "+380(4131)_-__-__",
    "region": "La regione di zhitomir",
    "city": "Червоноармейск",
    "operator": ""
},{
    "iso_code": "ua",
    "mask": "+380(4132)_-__-__",
    "region": "La regione di zhitomir",
    "city": "White Криница",
    "operator": ""
},{
    "iso_code": "ua",
    "mask": "+380(4133)_-__-__",
    "region": "La regione di zhitomir",
    "city": "Чоповичи",
    "operator": ""
},{
    "iso_code": "ua",
    "mask": "+380(4134)_-__-__",
    "region": "La regione di zhitomir",
    "city": "Черняхов",
    "operator": ""
},{
    "iso_code": "ua",
    "mask": "+380(4135)_-__-__",
    "region": "La regione di zhitomir",
    "city": "Бучманы",
    "operator": ""
},{
    "iso_code": "ua",
    "mask": "+380(4136)_-__-__",
    "region": "La regione di zhitomir",
    "city": "Андрушевка",
    "operator": ""
},{
    "iso_code": "ua",
    "mask": "+380(4137)_-__-__",
    "region": "La regione di zhitomir",
    "city": "Cornyn",
    "operator": ""
},{
    "iso_code": "ua",
    "mask": "+380(41372)__-__",
    "region": "La regione di zhitomir",
    "city": "Попельня",
    "operator": ""
},{
    "iso_code": "ua",
    "mask": "+380(4138)_-__-__",
    "region": "La regione di zhitomir",
    "city": "Ruzin",
    "operator": ""
},{
    "iso_code": "ua",
    "mask": "+380(4139)_-__-__",
    "region": "La regione di zhitomir",
    "city": "Чуднов",
    "operator": ""
},{
    "iso_code": "ua",
    "mask": "+380(4140)_-__-__",
    "region": "La regione di zhitomir",
    "city": "Narodichi",
    "operator": ""
},{
    "iso_code": "ua",
    "mask": "+380(4141)_-__-__",
    "region": "La regione di zhitomir",
    "city": "Броницкая Huta",
    "operator": ""
},{
    "iso_code": "ua",
    "mask": "+380(4142)_-__-__",
    "region": "La regione di zhitomir",
    "city": "Коростень",
    "operator": ""
},{
    "iso_code": "ua",
    "mask": "+380(4143)_-__-__",
    "region": "La regione di zhitomir",
    "city": "Бердичев",
    "operator": ""
},{
    "iso_code": "ua",
    "mask": "+380(4144)_-__-__",
    "region": "La regione di zhitomir",
    "city": "Довбыш",
    "operator": ""
},{
    "iso_code": "ua",
    "mask": "+380(41444)__-__",
    "region": "La regione di zhitomir",
    "city": "Барановка",
    "operator": ""
},{
    "iso_code": "ua",
    "mask": "+380(4145)_-__-__",
    "region": "La regione di zhitomir",
    "city": "Irshansk",
    "operator": ""
},{
    "iso_code": "ua",
    "mask": "+380(4146)_-__-__",
    "region": "La regione di zhitomir",
    "city": "Быковка",
    "operator": ""
},{
    "iso_code": "ua",
    "mask": "+380(4147)_-__-__",
    "region": "La regione di zhitomir",
    "city": "Любар",
    "operator": ""
},{
    "iso_code": "ua",
    "mask": "+380(4148)_-__-__",
    "region": "La regione di zhitomir",
    "city": "Першотравневое",
    "operator": ""
},{
    "iso_code": "ua",
    "mask": "+380(41483)__-__",
    "region": "La regione di zhitomir",
    "city": "Овруч",
    "operator": ""
},{
    "iso_code": "ua",
    "mask": "+380(4149)_-__-__",
    "region": "La regione di zhitomir",
    "city": "Jablonec",
    "operator": ""
},{
    "iso_code": "ua",
    "mask": "+380(41494)__-__",
    "region": "La regione di zhitomir",
    "city": "Емильчино",
    "operator": ""
},{
    "iso_code": "ua",
    "mask": "+380(4161)_-__-__",
    "region": "La regione di zhitomir",
    "city": "Лугины",
    "operator": ""
},{
    "iso_code": "ua",
    "mask": "+380(4162)_-__-__",
    "region": "La regione di zhitomir",
    "city": "Брусилов",
    "operator": ""
},{
    "iso_code": "ua",
    "mask": "+380(4191)_-__-__",
    "region": "La regione di zhitomir",
    "city": "Жовтневое",
    "operator": ""
},{
    "iso_code": "ua",
    "mask": "+380(43)___-__-__",
    "region": "La regione di vinnica",
    "city": "Vinnytsya",
    "operator": ""
},{
    "iso_code": "ua",
    "mask": "+380(432)__-__-__",
    "region": "La regione di vinnica",
    "city": "Стрижавка",
    "operator": ""
},{
    "iso_code": "ua",
    "mask": "+380(4330)_-__-__",
    "region": "La regione di vinnica",
    "city": "Оратов",
    "operator": ""
},{
    "iso_code": "ua",
    "mask": "+380(4331)_-__-__",
    "region": "La regione di vinnica",
    "city": "Брацлав",
    "operator": ""
},{
    "iso_code": "ua",
    "mask": "+380(4332)_-__-__",
    "region": "La regione di vinnica",
    "city": "Браилов",
    "operator": ""
},{
    "iso_code": "ua",
    "mask": "+380(4333)_-__-__",
    "region": "La regione di vinnica",
    "city": "Калиновка",
    "operator": ""
},{
    "iso_code": "ua",
    "mask": "+380(4334)_-__-__",
    "region": "La regione di vinnica",
    "city": "Gysin",
    "operator": ""
},{
    "iso_code": "ua",
    "mask": "+380(4335)_-__-__",
    "region": "La regione di vinnica",
    "city": "Кирнасовка",
    "operator": ""
},{
    "iso_code": "ua",
    "mask": "+380(4336)_-__-__",
    "region": "La regione di vinnica",
    "city": "Ямполь",
    "operator": ""
},{
    "iso_code": "ua",
    "mask": "+380(4337)_-__-__",
    "region": "La regione di vinnica",
    "city": "Mogilev-Podilskyi",
    "operator": ""
},{
    "iso_code": "ua",
    "mask": "+380(43)386-1_-__",
    "region": "La regione di vinnica",
    "city": "Lance",
    "operator": ""
},{
    "iso_code": "ua",
    "mask": "+380(43388)__-__",
    "region": "La regione di vinnica",
    "city": "Khmilnyk",
    "operator": ""
},{
    "iso_code": "ua",
    "mask": "+380(4340)_-__-__",
    "region": "La regione di vinnica",
    "city": "Крыжополь",
    "operator": ""
},{
    "iso_code": "ua",
    "mask": "+380(4341)_-__-__",
    "region": "La regione di vinnica",
    "city": "Копайгород",
    "operator": ""
},{
    "iso_code": "ua",
    "mask": "+380(43410)__-__",
    "region": "La regione di vinnica",
    "city": "Bar",
    "operator": ""
},{
    "iso_code": "ua",
    "mask": "+380(4342)_-__-__",
    "region": "La regione di vinnica",
    "city": "Казатин",
    "operator": ""
},{
    "iso_code": "ua",
    "mask": "+380(4343)_-__-__",
    "region": "La regione di vinnica",
    "city": "Ладыжин",
    "operator": ""
},{
    "iso_code": "ua",
    "mask": "+380(4344)_-__-__",
    "region": "La regione di vinnica",
    "city": "Шаргород",
    "operator": ""
},{
    "iso_code": "ua",
    "mask": "+380(4345)_-__-__",
    "region": "La regione di vinnica",
    "city": "Дашев",
    "operator": ""
},{
    "iso_code": "ua",
    "mask": "+380(4346)_-__-__",
    "region": "La regione di vinnica",
    "city": "Pohrebysche",
    "operator": ""
},{
    "iso_code": "ua",
    "mask": "+380(4347)_-__-__",
    "region": "La regione di vinnica",
    "city": "Литин",
    "operator": ""
},{
    "iso_code": "ua",
    "mask": "+380(4348)_-__-__",
    "region": "La regione di vinnica",
    "city": "Томашполь",
    "operator": ""
},{
    "iso_code": "ua",
    "mask": "+380(4349)_-__-__",
    "region": "La regione di vinnica",
    "city": "Peschanka",
    "operator": ""
},{
    "iso_code": "ua",
    "mask": "+380(4350)_-__-__",
    "region": "La regione di vinnica",
    "city": "Вапнярка",
    "operator": ""
},{
    "iso_code": "ua",
    "mask": "+380(4351)_-__-__",
    "region": "La regione di vinnica",
    "city": "Чечельник",
    "operator": ""
},{
    "iso_code": "ua",
    "mask": "+380(4352)_-__-__",
    "region": "La regione di vinnica",
    "city": "Бершадь",
    "operator": ""
},{
    "iso_code": "ua",
    "mask": "+380(4353)_-__-__",
    "region": "La regione di vinnica",
    "city": "Теплик",
    "operator": ""
},{
    "iso_code": "ua",
    "mask": "+380(4355)_-__-__",
    "region": "La regione di vinnica",
    "city": "Гнивань",
    "operator": ""
},{
    "iso_code": "ua",
    "mask": "+380(4356)_-__-__",
    "region": "La regione di vinnica",
    "city": "Мурованые Куриловцы",
    "operator": ""
},{
    "iso_code": "ua",
    "mask": "+380(4358)_-__-__",
    "region": "La regione di vinnica",
    "city": "Липовец",
    "operator": ""
},{
    "iso_code": "ua",
    "mask": "+380(44)___-__-__",
    "region": "Kievskaia",
    "city": "Kiev",
    "operator": ""
},{
    "iso_code": "ua",
    "mask": "+380(44474)__-__",
    "region": "Kievskaia",
    "city": "Мироновка",
    "operator": ""
},{
    "iso_code": "ua",
    "mask": "+380(4460)_-__-__",
    "region": "Kievskaia",
    "city": "Тетиев",
    "operator": ""
},{
    "iso_code": "ua",
    "mask": "+380(4461)_-__-__",
    "region": "Kievskaia",
    "city": "Boguslaw",
    "operator": ""
},{
    "iso_code": "ua",
    "mask": "+380(4462)_-__-__",
    "region": "Kievskaia",
    "city": "Ракитное",
    "operator": ""
},{
    "iso_code": "ua",
    "mask": "+380(4463)_-__-__",
    "region": "Kievskaia",
    "city": "La Chiesa Bianca",
    "operator": ""
},{
    "iso_code": "ua",
    "mask": "+380(4464)_-__-__",
    "region": "Kievskaia",
    "city": "Ставище",
    "operator": ""
},{
    "iso_code": "ua",
    "mask": "+380(4465)_-__-__",
    "region": "Kievskaia",
    "city": "Borovaya",
    "operator": ""
},{
    "iso_code": "ua",
    "mask": "+380(4466)_-__-__",
    "region": "Kievskaia",
    "city": "Тараща",
    "operator": ""
},{
    "iso_code": "ua",
    "mask": "+380(4467)_-__-__",
    "region": "Kievskaia",
    "city": "Pereyaslav-Khmelnitsky",
    "operator": ""
},{
    "iso_code": "ua",
    "mask": "+380(4468)_-__-__",
    "region": "Kievskaia",
    "city": "Сквира",
    "operator": ""
},{
    "iso_code": "ua",
    "mask": "+380(4470)_-__-__",
    "region": "Kievskaia",
    "city": "Згуровка",
    "operator": ""
},{
    "iso_code": "ua",
    "mask": "+380(4471)_-__-__",
    "region": "Kievskaia",
    "city": "Глеваха",
    "operator": ""
},{
    "iso_code": "ua",
    "mask": "+380(4472)_-__-__",
    "region": "Kievskaia",
    "city": "Kozin",
    "operator": ""
},{
    "iso_code": "ua",
    "mask": "+380(4473)_-__-__",
    "region": "Kievskaia",
    "city": "Kagarlyk",
    "operator": ""
},{
    "iso_code": "ua",
    "mask": "+380(4475)_-__-__",
    "region": "Kievskaia",
    "city": "Яготин",
    "operator": ""
},{
    "iso_code": "ua",
    "mask": "+380(4476)_-__-__",
    "region": "Kievskaia",
    "city": "Барышевка",
    "operator": ""
},{
    "iso_code": "ua",
    "mask": "+380(4477)_-__-__",
    "region": "Kievskaia",
    "city": "Бабинцы",
    "operator": ""
},{
    "iso_code": "ua",
    "mask": "+380(4478)_-__-__",
    "region": "Kievskaia",
    "city": "Makarov",
    "operator": ""
},{
    "iso_code": "ua",
    "mask": "+380(4479)_-__-__",
    "region": "Kievskaia",
    "city": "Slavutich",
    "operator": ""
},{
    "iso_code": "ua",
    "mask": "+380(4491)_-__-__",
    "region": "Kievskaia",
    "city": "Ivankov",
    "operator": ""
},{
    "iso_code": "ua",
    "mask": "+380(4492)_-__-__",
    "region": "Kievskaia",
    "city": "Полесское",
    "operator": ""
},{
    "iso_code": "ua",
    "mask": "+380(4493)_-__-__",
    "region": "Kievskaia",
    "city": "Chernobyl",
    "operator": ""
},{
    "iso_code": "ua",
    "mask": "+380(4494)_-__-__",
    "region": "Kievskaia",
    "city": "Brovary",
    "operator": ""
},{
    "iso_code": "ua",
    "mask": "+380(4495)_-__-__",
    "region": "Kievskaia",
    "city": "Boryspil",
    "operator": ""
},{
    "iso_code": "ua",
    "mask": "+380(4496)_-__-__",
    "region": "Kievskaia",
    "city": "Дымер",
    "operator": ""
},{
    "iso_code": "ua",
    "mask": "+380(4497)_-__-__",
    "region": "Kievskaia",
    "city": "Padova",
    "operator": ""
},{
    "iso_code": "ua",
    "mask": "+380(4498)_-__-__",
    "region": "Kievskaia",
    "city": "Boyarka",
    "operator": ""
},{
    "iso_code": "ua",
    "mask": "+380(46)___-__-__",
    "region": "Chernigov area",
    "city": "Chernigov",
    "operator": ""
},{
    "iso_code": "ua",
    "mask": "+380(462)__-__-__",
    "region": "Chernigov area",
    "city": "Chernigov",
    "operator": ""
},{
    "iso_code": "ua",
    "mask": "+380(4622)_-__-__",
    "region": "Chernigov area",
    "city": "Chernigov",
    "operator": ""
},{
    "iso_code": "ua",
    "mask": "+380(4631)_-__-__",
    "region": "Chernigov area",
    "city": "Лосиновка",
    "operator": ""
},{
    "iso_code": "ua",
    "mask": "+380(4632)_-__-__",
    "region": "Chernigov area",
    "city": "Бобровица",
    "operator": ""
},{
    "iso_code": "ua",
    "mask": "+380(4633)_-__-__",
    "region": "Chernigov area",
    "city": "L'amicizia",
    "operator": ""
},{
    "iso_code": "ua",
    "mask": "+380(4634)_-__-__",
    "region": "Chernigov area",
    "city": "Талалаевка",
    "operator": ""
},{
    "iso_code": "ua",
    "mask": "+380(4635)_-__-__",
    "region": "Chernigov area",
    "city": "Bakhmach",
    "operator": ""
},{
    "iso_code": "ua",
    "mask": "+380(4636)_-__-__",
    "region": "Chernigov area",
    "city": "Varna",
    "operator": ""
},{
    "iso_code": "ua",
    "mask": "+380(4637)_-__-__",
    "region": "Chernigov area",
    "city": "Incenso",
    "operator": ""
},{
    "iso_code": "ua",
    "mask": "+380(4639)_-__-__",
    "region": "Chernigov area",
    "city": "Дегтяри",
    "operator": ""
},{
    "iso_code": "ua",
    "mask": "+380(4641)_-__-__",
    "region": "Chernigov area",
    "city": "Добрянка",
    "operator": ""
},{
    "iso_code": "ua",
    "mask": "+380(4642)_-__-__",
    "region": "Chernigov area",
    "city": "Носовка",
    "operator": ""
},{
    "iso_code": "ua",
    "mask": "+380(4643)_-__-__",
    "region": "Chernigov area",
    "city": "Куликовка",
    "operator": ""
},{
    "iso_code": "ua",
    "mask": "+380(4644)_-__-__",
    "region": "Chernigov area",
    "city": "Березна",
    "operator": ""
},{
    "iso_code": "ua",
    "mask": "+380(4645)_-__-__",
    "region": "Chernigov area",
    "city": "Городня",
    "operator": ""
},{
    "iso_code": "ua",
    "mask": "+380(4646)_-__-__",
    "region": "Chernigov area",
    "city": "La gengiva",
    "operator": ""
},{
    "iso_code": "ua",
    "mask": "+380(4653)_-__-__",
    "region": "Chernigov area",
    "city": "Борзна",
    "operator": ""
},{
    "iso_code": "ua",
    "mask": "+380(4654)_-__-__",
    "region": "Chernigov area",
    "city": "Щорс",
    "operator": ""
},{
    "iso_code": "ua",
    "mask": "+380(4655)_-__-__",
    "region": "Chernigov area",
    "city": "Sosnica",
    "operator": ""
},{
    "iso_code": "ua",
    "mask": "+380(4656)_-__-__",
    "region": "Chernigov area",
    "city": "Короп",
    "operator": ""
},{
    "iso_code": "ua",
    "mask": "+380(4657)_-__-__",
    "region": "Chernigov area",
    "city": "Colline",
    "operator": ""
},{
    "iso_code": "ua",
    "mask": "+380(4658)_-__-__",
    "region": "Chernigov area",
    "city": "Novgorod-Seversk",
    "operator": ""
},{
    "iso_code": "ua",
    "mask": "+380(4659)_-__-__",
    "region": "Chernigov area",
    "city": "Семеновка",
    "operator": ""
},{
    "iso_code": "ua",
    "mask": "+380(47)___-__-__",
    "region": "Черкасская area",
    "city": "Cherkasy",
    "operator": ""
},{
    "iso_code": "ua",
    "mask": "+380(472)__-__-__",
    "region": "Черкасская area",
    "city": "Cherkasy",
    "operator": ""
},{
    "iso_code": "ua",
    "mask": "+380(4722)_-__-__",
    "region": "Черкасская area",
    "city": "Ирдынь",
    "operator": ""
},{
    "iso_code": "ua",
    "mask": "+380(4730)_-__-__",
    "region": "Черкасская area",
    "city": "Чигирин",
    "operator": ""
},{
    "iso_code": "ua",
    "mask": "+380(4731)_-__-__",
    "region": "Черкасская area",
    "city": "Тальное",
    "operator": ""
},{
    "iso_code": "ua",
    "mask": "+380(4732)_-__-__",
    "region": "Черкасская area",
    "city": "Stufa",
    "operator": ""
},{
    "iso_code": "ua",
    "mask": "+380(4733)_-__-__",
    "region": "Черкасская area",
    "city": "Ротмистровка",
    "operator": ""
},{
    "iso_code": "ua",
    "mask": "+380(4734)_-__-__",
    "region": "Черкасская area",
    "city": "La fortificazione",
    "operator": ""
},{
    "iso_code": "ua",
    "mask": "+380(4735)_-__-__",
    "region": "Черкасская area",
    "city": "Di Korsun-Шевченковский",
    "operator": ""
},{
    "iso_code": "ua",
    "mask": "+380(4736)_-__-__",
    "region": "Черкасская area",
    "city": "Канев",
    "operator": ""
},{
    "iso_code": "ua",
    "mask": "+380(4737)_-__-__",
    "region": "Черкасская area",
    "city": "Золотоноша",
    "operator": ""
},{
    "iso_code": "ua",
    "mask": "+380(4738)_-__-__",
    "region": "Черкасская area",
    "city": "Драбов",
    "operator": ""
},{
    "iso_code": "ua",
    "mask": "+380(4739)_-__-__",
    "region": "Черкасская area",
    "city": "Чернобай",
    "operator": ""
},{
    "iso_code": "ua",
    "mask": "+380(4740)_-__-__",
    "region": "Черкасская area",
    "city": "Ватутино",
    "operator": ""
},{
    "iso_code": "ua",
    "mask": "+380(4741)_-__-__",
    "region": "Черкасская area",
    "city": "Шпола",
    "operator": ""
},{
    "iso_code": "ua",
    "mask": "+380(4742)_-__-__",
    "region": "Черкасская area",
    "city": "Катеринополь",
    "operator": ""
},{
    "iso_code": "ua",
    "mask": "+380(4744)_-__-__",
    "region": "Черкасская area",
    "city": "Uman",
    "operator": ""
},{
    "iso_code": "ua",
    "mask": "+380(4745)_-__-__",
    "region": "Черкасская area",
    "city": "Христиновка",
    "operator": ""
},{
    "iso_code": "ua",
    "mask": "+380(4746)_-__-__",
    "region": "Черкасская area",
    "city": "Città monastyryšče",
    "operator": ""
},{
    "iso_code": "ua",
    "mask": "+380(4747)_-__-__",
    "region": "Черкасская area",
    "city": "Жашков",
    "operator": ""
},{
    "iso_code": "ua",
    "mask": "+380(4748)_-__-__",
    "region": "Черкасская area",
    "city": "Buki",
    "operator": ""
},{
    "iso_code": "ua",
    "mask": "+380(4749)_-__-__",
    "region": "Черкасская area",
    "city": "Лысянка",
    "operator": ""
},{
    "iso_code": "ua",
    "mask": "+380(48)___-__-__",
    "region": "Odessa area",
    "city": "Odessa",
    "operator": ""
},{
    "iso_code": "ua",
    "mask": "+380(482)__-__-__",
    "region": "Odessa area",
    "city": "Nuovi Беляры",
    "operator": ""
},{
    "iso_code": "ua",
    "mask": "+380(4840)_-__-__",
    "region": "Odessa area",
    "city": "Reni",
    "operator": ""
},{
    "iso_code": "ua",
    "mask": "+380(4841)_-__-__",
    "region": "Odessa area",
    "city": "Ismaele",
    "operator": ""
},{
    "iso_code": "ua",
    "mask": "+380(4843)_-__-__",
    "region": "Odessa area",
    "city": "Килия",
    "operator": ""
},{
    "iso_code": "ua",
    "mask": "+380(4844)_-__-__",
    "region": "Odessa area",
    "city": "Татарбунары",
    "operator": ""
},{
    "iso_code": "ua",
    "mask": "+380(4845)_-__-__",
    "region": "Odessa area",
    "city": "Арциз",
    "operator": ""
},{
    "iso_code": "ua",
    "mask": "+380(4846)_-__-__",
    "region": "Odessa area",
    "city": "Bolgrad",
    "operator": ""
},{
    "iso_code": "ua",
    "mask": "+380(4847)_-__-__",
    "region": "Odessa area",
    "city": "Березино",
    "operator": ""
},{
    "iso_code": "ua",
    "mask": "+380(4848)_-__-__",
    "region": "Odessa area",
    "city": "Sărata",
    "operator": ""
},{
    "iso_code": "ua",
    "mask": "+380(4849)_-__-__",
    "region": "Odessa area",
    "city": "Belgorod-Odessa",
    "operator": ""
},{
    "iso_code": "ua",
    "mask": "+380(4851)_-__-__",
    "region": "Odessa area",
    "city": "Овидиополь",
    "operator": ""
},{
    "iso_code": "ua",
    "mask": "+380(4852)_-__-__",
    "region": "Odessa area",
    "city": "Berdiansk",
    "operator": ""
},{
    "iso_code": "ua",
    "mask": "+380(4853)_-__-__",
    "region": "Odessa area",
    "city": "Лиманское",
    "operator": ""
},{
    "iso_code": "ua",
    "mask": "+380(4854)_-__-__",
    "region": "Odessa area",
    "city": "Italia",
    "operator": ""
},{
    "iso_code": "ua",
    "mask": "+380(4855)_-__-__",
    "region": "Odessa area",
    "city": "Коминтерновское",
    "operator": ""
},{
    "iso_code": "ua",
    "mask": "+380(4856)_-__-__",
    "region": "Odessa area",
    "city": "Березовка",
    "operator": ""
},{
    "iso_code": "ua",
    "mask": "+380(4858)_-__-__",
    "region": "Odessa area",
    "city": "Ширяево",
    "operator": ""
},{
    "iso_code": "ua",
    "mask": "+380(4859)_-__-__",
    "region": "Odessa area",
    "city": "Цебриково",
    "operator": ""
},{
    "iso_code": "ua",
    "mask": "+380(4860)_-__-__",
    "region": "Odessa area",
    "city": "Фрунзовка",
    "operator": ""
},{
    "iso_code": "ua",
    "mask": "+380(4861)_-__-__",
    "region": "Odessa area",
    "city": "Rossi Окны",
    "operator": ""
},{
    "iso_code": "ua",
    "mask": "+380(4862)_-__-__",
    "region": "Odessa area",
    "city": "Котовск",
    "operator": ""
},{
    "iso_code": "ua",
    "mask": "+380(4864)_-__-__",
    "region": "Odessa area",
    "city": "Любашевка",
    "operator": ""
},{
    "iso_code": "ua",
    "mask": "+380(4865)_-__-__",
    "region": "Odessa area",
    "city": "Саврань",
    "operator": ""
},{
    "iso_code": "ua",
    "mask": "+380(4866)_-__-__",
    "region": "Odessa area",
    "city": "Balta",
    "operator": ""
},{
    "iso_code": "ua",
    "mask": "+380(4867)_-__-__",
    "region": "Odessa area",
    "city": "Кодыма",
    "operator": ""
},{
    "iso_code": "ua",
    "mask": "+380(4868)_-__-__",
    "region": "Odessa area",
    "city": "Illichivsk",
    "operator": ""
},{
    "iso_code": "ua",
    "mask": "+380(51)___-__-__",
    "region": "La regione di nikolaev",
    "city": "Nikolaev",
    "operator": ""
},{
    "iso_code": "ua",
    "mask": "+380(512)__-__-__",
    "region": "La regione di nikolaev",
    "city": "Nikolaev",
    "operator": ""
},{
    "iso_code": "ua",
    "mask": "+380(5131)_-__-__",
    "region": "La regione di nikolaev",
    "city": "Fraterna",
    "operator": ""
},{
    "iso_code": "ua",
    "mask": "+380(5132)_-__-__",
    "region": "La regione di nikolaev",
    "city": "Арбузинка",
    "operator": ""
},{
    "iso_code": "ua",
    "mask": "+380(5133)_-__-__",
    "region": "La regione di nikolaev",
    "city": "Obliqua Del Lago",
    "operator": ""
},{
    "iso_code": "ua",
    "mask": "+380(5134)_-__-__",
    "region": "La regione di nikolaev",
    "city": "Aleksandrovka",
    "operator": ""
},{
    "iso_code": "ua",
    "mask": "+380(5135)_-__-__",
    "region": "La regione di nikolaev",
    "city": "Врадиевка",
    "operator": ""
},{
    "iso_code": "ua",
    "mask": "+380(5136)_-__-__",
    "region": "La regione di nikolaev",
    "city": "Yevpatoriya",
    "operator": ""
},{
    "iso_code": "ua",
    "mask": "+380(5151)_-__-__",
    "region": "La regione di nikolaev",
    "city": "Nuovo Bug",
    "operator": ""
},{
    "iso_code": "ua",
    "mask": "+380(5152)_-__-__",
    "region": "La regione di nikolaev",
    "city": "Доманевка",
    "operator": ""
},{
    "iso_code": "ua",
    "mask": "+380(5153)_-__-__",
    "region": "La regione di nikolaev",
    "city": "Березанка",
    "operator": ""
},{
    "iso_code": "ua",
    "mask": "+380(5154)_-__-__",
    "region": "La regione di nikolaev",
    "city": "Ochakov",
    "operator": ""
},{
    "iso_code": "ua",
    "mask": "+380(5158)_-__-__",
    "region": "La regione di nikolaev",
    "city": "Баштанка",
    "operator": ""
},{
    "iso_code": "ua",
    "mask": "+380(5159)_-__-__",
    "region": "La regione di nikolaev",
    "city": "Еланец",
    "operator": ""
},{
    "iso_code": "ua",
    "mask": "+380(5161)_-__-__",
    "region": "La regione di nikolaev",
    "city": "Pervomaisk",
    "operator": ""
},{
    "iso_code": "ua",
    "mask": "+380(5162)_-__-__",
    "region": "La regione di nikolaev",
    "city": "Снигиревка",
    "operator": ""
},{
    "iso_code": "ua",
    "mask": "+380(5163)_-__-__",
    "region": "La regione di nikolaev",
    "city": "Кудрявцевка",
    "operator": ""
},{
    "iso_code": "ua",
    "mask": "+380(5164)_-__-__",
    "region": "La regione di nikolaev",
    "city": "Казанка",
    "operator": ""
},{
    "iso_code": "ua",
    "mask": "+380(5167)_-__-__",
    "region": "La regione di nikolaev",
    "city": "La Nuova Odessa",
    "operator": ""
},{
    "iso_code": "ua",
    "mask": "+380(5168)_-__-__",
    "region": "La regione di nikolaev",
    "city": "Березнеговатое",
    "operator": ""
},{
    "iso_code": "ua",
    "mask": "+380(52)___-__-__",
    "region": "Кировоградская area",
    "city": "Kirovograd",
    "operator": ""
},{
    "iso_code": "ua",
    "mask": "+380(522)__-__-__",
    "region": "Кировоградская area",
    "city": "Kirovograd",
    "operator": ""
},{
    "iso_code": "ua",
    "mask": "+380(5233)_-__-__",
    "region": "Кировоградская area",
    "city": "Znamenka",
    "operator": ""
},{
    "iso_code": "ua",
    "mask": "+380(5234)_-__-__",
    "region": "Кировоградская area",
    "city": "Долинская",
    "operator": ""
},{
    "iso_code": "ua",
    "mask": "+380(5235)_-__-__",
    "region": "Кировоградская area",
    "city": "Димитрово",
    "operator": ""
},{
    "iso_code": "ua",
    "mask": "+380(5236)_-__-__",
    "region": "Кировоградская area",
    "city": "Светловодск",
    "operator": ""
},{
    "iso_code": "ua",
    "mask": "+380(5237)_-__-__",
    "region": "Кировоградская area",
    "city": "Petrov",
    "operator": ""
},{
    "iso_code": "ua",
    "mask": "+380(5238)_-__-__",
    "region": "Кировоградская area",
    "city": "Онуфриевка",
    "operator": ""
},{
    "iso_code": "ua",
    "mask": "+380(5239)_-__-__",
    "region": "Кировоградская area",
    "city": "Устиновка",
    "operator": ""
},{
    "iso_code": "ua",
    "mask": "+380(5240)_-__-__",
    "region": "Кировоградская area",
    "city": "Компанеевка",
    "operator": ""
},{
    "iso_code": "ua",
    "mask": "+380(5241)_-__-__",
    "region": "Кировоградская area",
    "city": "Новгородка",
    "operator": ""
},{
    "iso_code": "ua",
    "mask": "+380(5242)_-__-__",
    "region": "Кировоградская area",
    "city": "Aleksandrovka",
    "operator": ""
},{
    "iso_code": "ua",
    "mask": "+380(5250)_-__-__",
    "region": "Кировоградская area",
    "city": "Ольшанка",
    "operator": ""
},{
    "iso_code": "ua",
    "mask": "+380(5251)_-__-__",
    "region": "Кировоградская area",
    "city": "Новоукраинка",
    "operator": ""
},{
    "iso_code": "ua",
    "mask": "+380(5252)_-__-__",
    "region": "Кировоградская area",
    "city": "Голованевск",
    "operator": ""
},{
    "iso_code": "ua",
    "mask": "+380(5253)_-__-__",
    "region": "Кировоградская area",
    "city": "Добровеличковка",
    "operator": ""
},{
    "iso_code": "ua",
    "mask": "+380(5254)_-__-__",
    "region": "Кировоградская area",
    "city": "Гайворон",
    "operator": ""
},{
    "iso_code": "ua",
    "mask": "+380(5255)_-__-__",
    "region": "Кировоградская area",
    "city": "Новоархангельск",
    "operator": ""
},{
    "iso_code": "ua",
    "mask": "+380(5256)_-__-__",
    "region": "Кировоградская area",
    "city": "Капитановка",
    "operator": ""
},{
    "iso_code": "ua",
    "mask": "+380(5257)_-__-__",
    "region": "Кировоградская area",
    "city": "Бобринец",
    "operator": ""
},{
    "iso_code": "ua",
    "mask": "+380(5258)_-__-__",
    "region": "Кировоградская area",
    "city": "Piccola Tempia",
    "operator": ""
},{
    "iso_code": "ua",
    "mask": "+380(5259)_-__-__",
    "region": "Кировоградская area",
    "city": "Ульяновка",
    "operator": ""
},{
    "iso_code": "ua",
    "mask": "+380(53)___-__-__",
    "region": "Regione di poltava area",
    "city": "Poltava",
    "operator": ""
},{
    "iso_code": "ua",
    "mask": "+380(532)__-__-__",
    "region": "Regione di poltava area",
    "city": "Poltava",
    "operator": ""
},{
    "iso_code": "ua",
    "mask": "+380(5340)_-__-__",
    "region": "Regione di poltava area",
    "city": "Černihiv",
    "operator": ""
},{
    "iso_code": "ua",
    "mask": "+380(5341)_-__-__",
    "region": "Regione di poltava area",
    "city": "Семеновка",
    "operator": ""
},{
    "iso_code": "ua",
    "mask": "+380(5342)_-__-__",
    "region": "Regione di poltava area",
    "city": "Козельщина",
    "operator": ""
},{
    "iso_code": "ua",
    "mask": "+380(5343)_-__-__",
    "region": "Regione di poltava area",
    "city": "Кобеляки",
    "operator": ""
},{
    "iso_code": "ua",
    "mask": "+380(5344)_-__-__",
    "region": "Regione di poltava area",
    "city": "Nuovi Санжары",
    "operator": ""
},{
    "iso_code": "ua",
    "mask": "+380(5345)_-__-__",
    "region": "Regione di poltava area",
    "city": "Гоголево",
    "operator": ""
},{
    "iso_code": "ua",
    "mask": "+380(5346)_-__-__",
    "region": "Regione di poltava area",
    "city": "Карловка",
    "operator": ""
},{
    "iso_code": "ua",
    "mask": "+380(5347)_-__-__",
    "region": "Regione di poltava area",
    "city": "Артемовка",
    "operator": ""
},{
    "iso_code": "ua",
    "mask": "+380(5348)_-__-__",
    "region": "Regione di poltava area",
    "city": "Komsomolsk",
    "operator": ""
},{
    "iso_code": "ua",
    "mask": "+380(5350)_-__-__",
    "region": "Regione di poltava area",
    "city": "Котельва",
    "operator": ""
},{
    "iso_code": "ua",
    "mask": "+380(5351)_-__-__",
    "region": "Regione di poltava area",
    "city": "Диканька",
    "operator": ""
},{
    "iso_code": "ua",
    "mask": "+380(5352)_-__-__",
    "region": "Regione di poltava area",
    "city": "Шишаки",
    "operator": ""
},{
    "iso_code": "ua",
    "mask": "+380(5353)_-__-__",
    "region": "Regione di poltava area",
    "city": "Опошня",
    "operator": ""
},{
    "iso_code": "ua",
    "mask": "+380(5354)_-__-__",
    "region": "Regione di poltava area",
    "city": "Гадяч",
    "operator": ""
},{
    "iso_code": "ua",
    "mask": "+380(5355)_-__-__",
    "region": "Regione di poltava area",
    "city": "Камышня",
    "operator": ""
},{
    "iso_code": "ua",
    "mask": "+380(5356)_-__-__",
    "region": "Regione di poltava area",
    "city": "Червонозаводское",
    "operator": ""
},{
    "iso_code": "ua",
    "mask": "+380(5357)_-__-__",
    "region": "Regione di poltava area",
    "city": "Новооржицкое",
    "operator": ""
},{
    "iso_code": "ua",
    "mask": "+380(5358)_-__-__",
    "region": "Regione di poltava area",
    "city": "Пирятин",
    "operator": ""
},{
    "iso_code": "ua",
    "mask": "+380(5359)_-__-__",
    "region": "Regione di poltava area",
    "city": "Il pettine",
    "operator": ""
},{
    "iso_code": "ua",
    "mask": "+380(53615)__-__",
    "region": "Regione di poltava area",
    "city": "Lubny",
    "operator": ""
},{
    "iso_code": "ua",
    "mask": "+380(5362)_-__-__",
    "region": "Regione di poltava area",
    "city": "Хорол",
    "operator": ""
},{
    "iso_code": "ua",
    "mask": "+380(5363)_-__-__",
    "region": "Regione di poltava area",
    "city": "Решетиловка",
    "operator": ""
},{
    "iso_code": "ua",
    "mask": "+380(5364)_-__-__",
    "region": "Regione di poltava area",
    "city": "Машевка",
    "operator": ""
},{
    "iso_code": "ua",
    "mask": "+380(5365)_-__-__",
    "region": "Regione di poltava area",
    "city": "Глобино",
    "operator": ""
},{
    "iso_code": "ua",
    "mask": "+380(54)___-__-__",
    "region": "Sumy area",
    "city": "Bisaccia",
    "operator": ""
},{
    "iso_code": "ua",
    "mask": "+380(542)__-__-__",
    "region": "Sumy area",
    "city": "Хотин",
    "operator": ""
},{
    "iso_code": "ua",
    "mask": "+380(5422)_-__-__",
    "region": "Sumy area",
    "city": "Степановка",
    "operator": ""
},{
    "iso_code": "ua",
    "mask": "+380(5442)_-__-__",
    "region": "Sumy area",
    "city": "Путивль",
    "operator": ""
},{
    "iso_code": "ua",
    "mask": "+380(5443)_-__-__",
    "region": "Sumy area",
    "city": "Белополье",
    "operator": ""
},{
    "iso_code": "ua",
    "mask": "+380(5444)_-__-__",
    "region": "Sumy area",
    "city": "Червоное",
    "operator": ""
},{
    "iso_code": "ua",
    "mask": "+380(5445)_-__-__",
    "region": "Sumy area",
    "city": "Лебедин",
    "operator": ""
},{
    "iso_code": "ua",
    "mask": "+380(5446)_-__-__",
    "region": "Sumy area",
    "city": "Чупаховка",
    "operator": ""
},{
    "iso_code": "ua",
    "mask": "+380(5447)_-__-__",
    "region": "Sumy area",
    "city": "Дубовязовка",
    "operator": ""
},{
    "iso_code": "ua",
    "mask": "+380(5448)_-__-__",
    "region": "Sumy area",
    "city": "Ромны",
    "operator": ""
},{
    "iso_code": "ua",
    "mask": "+380(5449)_-__-__",
    "region": "Sumy area",
    "city": "Shostka",
    "operator": ""
},{
    "iso_code": "ua",
    "mask": "+380(5451)_-__-__",
    "region": "Sumy area",
    "city": "Turistico-Buda",
    "operator": ""
},{
    "iso_code": "ua",
    "mask": "+380(5452)_-__-__",
    "region": "Sumy area",
    "city": "Lipovaia Dolina",
    "operator": ""
},{
    "iso_code": "ua",
    "mask": "+380(5453)_-__-__",
    "region": "Sumy area",
    "city": "Кролевец",
    "operator": ""
},{
    "iso_code": "ua",
    "mask": "+380(5454)_-__-__",
    "region": "Sumy area",
    "city": "Бурынь",
    "operator": ""
},{
    "iso_code": "ua",
    "mask": "+380(5455)_-__-__",
    "region": "Sumy area",
    "city": "Недригайлов",
    "operator": ""
},{
    "iso_code": "ua",
    "mask": "+380(5456)_-__-__",
    "region": "Sumy area",
    "city": "L'amicizia",
    "operator": ""
},{
    "iso_code": "ua",
    "mask": "+380(5457)_-__-__",
    "region": "Sumy area",
    "city": "Кириковка",
    "operator": ""
},{
    "iso_code": "ua",
    "mask": "+380(5458)_-__-__",
    "region": "Sumy area",
    "city": "Тростянец",
    "operator": ""
},{
    "iso_code": "ua",
    "mask": "+380(5459)_-__-__",
    "region": "Sumy area",
    "city": "Krasnopolye",
    "operator": ""
},{
    "iso_code": "ua",
    "mask": "+380(55)___-__-__",
    "region": "La regione di kherson",
    "city": "Pi",
    "operator": ""
},{
    "iso_code": "ua",
    "mask": "+380(552)__-__-__",
    "region": "La regione di kherson",
    "city": "Pi",
    "operator": ""
},{
    "iso_code": "ua",
    "mask": "+380(5530)_-__-__",
    "region": "La regione di kherson",
    "city": "Каланчак",
    "operator": ""
},{
    "iso_code": "ua",
    "mask": "+380(5531)_-__-__",
    "region": "La regione di kherson",
    "city": "Italia",
    "operator": ""
},{
    "iso_code": "ua",
    "mask": "+380(5532)_-__-__",
    "region": "La regione di kherson",
    "city": "White Криница",
    "operator": ""
},{
    "iso_code": "ua",
    "mask": "+380(5533)_-__-__",
    "region": "La regione di kherson",
    "city": "Нововоронцовка",
    "operator": ""
},{
    "iso_code": "ua",
    "mask": "+380(5534)_-__-__",
    "region": "La regione di kherson",
    "city": "Геническ",
    "operator": ""
},{
    "iso_code": "ua",
    "mask": "+380(5535)_-__-__",
    "region": "La regione di kherson",
    "city": "Архангельское",
    "operator": ""
},{
    "iso_code": "ua",
    "mask": "+380(5536)_-__-__",
    "region": "La regione di kherson",
    "city": "Каховка",
    "operator": ""
},{
    "iso_code": "ua",
    "mask": "+380(5537)_-__-__",
    "region": "La regione di kherson",
    "city": "Антоновка",
    "operator": ""
},{
    "iso_code": "ua",
    "mask": "+380(5538)_-__-__",
    "region": "La regione di kherson",
    "city": "Askania-Nova",
    "operator": ""
},{
    "iso_code": "ua",
    "mask": "+380(5539)_-__-__",
    "region": "La regione di kherson",
    "city": "Nuda Porto",
    "operator": ""
},{
    "iso_code": "ua",
    "mask": "+380(5540)_-__-__",
    "region": "La regione di kherson",
    "city": "Inferiori Серогозы",
    "operator": ""
},{
    "iso_code": "ua",
    "mask": "+380(5542)_-__-__",
    "region": "La regione di kherson",
    "city": "Брилевка",
    "operator": ""
},{
    "iso_code": "ua",
    "mask": "+380(55431)__-__",
    "region": "La regione di kherson",
    "city": "Рубановка",
    "operator": ""
},{
    "iso_code": "ua",
    "mask": "+380(5544)_-__-__",
    "region": "La regione di kherson",
    "city": "Горностаевка",
    "operator": ""
},{
    "iso_code": "ua",
    "mask": "+380(5545)_-__-__",
    "region": "La regione di kherson",
    "city": "Verhniy Rogachik",
    "operator": ""
},{
    "iso_code": "ua",
    "mask": "+380(5546)_-__-__",
    "region": "La regione di kherson",
    "city": "Berislav",
    "operator": ""
},{
    "iso_code": "ua",
    "mask": "+380(5547)_-__-__",
    "region": "La regione di kherson",
    "city": "Белозерка",
    "operator": ""
},{
    "iso_code": "ua",
    "mask": "+380(5548)_-__-__",
    "region": "La regione di kherson",
    "city": "Новотроицкое",
    "operator": ""
},{
    "iso_code": "ua",
    "mask": "+380(5549)_-__-__",
    "region": "La regione di kherson",
    "city": "Nova Kakhovka",
    "operator": ""
},{
    "iso_code": "ua",
    "mask": "+380(56)___-__-__",
    "region": "Dnipropetrovsk area",
    "city": "Dnipropetrovsk",
    "operator": ""
},{
    "iso_code": "ua",
    "mask": "+380(5610)_-__-__",
    "region": "Dnipropetrovsk area",
    "city": "Царичанка",
    "operator": ""
},{
    "iso_code": "ua",
    "mask": "+380(5611)_-__-__",
    "region": "Dnipropetrovsk area",
    "city": "Магдалиновка",
    "operator": ""
},{
    "iso_code": "ua",
    "mask": "+380(5612)_-__-__",
    "region": "Dnipropetrovsk area",
    "city": "Губиниха",
    "operator": ""
},{
    "iso_code": "ua",
    "mask": "+380(5615)_-__-__",
    "region": "Dnipropetrovsk area",
    "city": "Синельниково",
    "operator": ""
},{
    "iso_code": "ua",
    "mask": "+380(5616)_-__-__",
    "region": "Dnipropetrovsk area",
    "city": "Salato",
    "operator": ""
},{
    "iso_code": "ua",
    "mask": "+380(5617)_-__-__",
    "region": "Dnipropetrovsk area",
    "city": "Аулы",
    "operator": ""
},{
    "iso_code": "ua",
    "mask": "+380(5618)_-__-__",
    "region": "Dnipropetrovsk area",
    "city": "Новониколаевка",
    "operator": ""
},{
    "iso_code": "ua",
    "mask": "+380(562)__-__-__",
    "region": "Dnipropetrovsk area",
    "city": "Dnipropetrovsk",
    "operator": ""
},{
    "iso_code": "ua",
    "mask": "+380(564)__-__-__",
    "region": "Dnipropetrovsk area",
    "city": "Krivoy Rog",
    "operator": ""
},{
    "iso_code": "ua",
    "mask": "+380(5650)_-__-__",
    "region": "Dnipropetrovsk area",
    "city": "Sofiyivka",
    "operator": ""
},{
    "iso_code": "ua",
    "mask": "+380(56510)__-__",
    "region": "Dnipropetrovsk area",
    "city": "Пятихатки",
    "operator": ""
},{
    "iso_code": "ua",
    "mask": "+380(5652)_-__-__",
    "region": "Dnipropetrovsk area",
    "city": "Il Giallo Dell'Acqua",
    "operator": ""
},{
    "iso_code": "ua",
    "mask": "+380(5653)_-__-__",
    "region": "Dnipropetrovsk area",
    "city": "Вольногорск",
    "operator": ""
},{
    "iso_code": "ua",
    "mask": "+380(5655)_-__-__",
    "region": "Dnipropetrovsk area",
    "city": "Зеленодольск",
    "operator": ""
},{
    "iso_code": "ua",
    "mask": "+380(5656)_-__-__",
    "region": "Dnipropetrovsk area",
    "city": "Апостолово",
    "operator": ""
},{
    "iso_code": "ua",
    "mask": "+380(5657)_-__-__",
    "region": "Dnipropetrovsk area",
    "city": "Nikolayevka",
    "operator": ""
},{
    "iso_code": "ua",
    "mask": "+380(5662)_-__-__",
    "region": "Dnipropetrovsk area",
    "city": "Червоногригоровка",
    "operator": ""
},{
    "iso_code": "ua",
    "mask": "+380(5665)_-__-__",
    "region": "Dnipropetrovsk area",
    "city": "Manganese",
    "operator": ""
},{
    "iso_code": "ua",
    "mask": "+380(5667)_-__-__",
    "region": "Dnipropetrovsk area",
    "city": "Ordzhonikidze",
    "operator": ""
},{
    "iso_code": "ua",
    "mask": "+380(5668)_-__-__",
    "region": "Dnipropetrovsk area",
    "city": "Томаковка",
    "operator": ""
},{
    "iso_code": "ua",
    "mask": "+380(5670)_-__-__",
    "region": "Dnipropetrovsk area",
    "city": "Межевая",
    "operator": ""
},{
    "iso_code": "ua",
    "mask": "+380(5671)_-__-__",
    "region": "Dnipropetrovsk area",
    "city": "Петропавловка",
    "operator": ""
},{
    "iso_code": "ua",
    "mask": "+380(5672)_-__-__",
    "region": "Dnipropetrovsk area",
    "city": "Павлоград",
    "operator": ""
},{
    "iso_code": "ua",
    "mask": "+380(5673)_-__-__",
    "region": "Dnipropetrovsk area",
    "city": "Першотравенск",
    "operator": ""
},{
    "iso_code": "ua",
    "mask": "+380(5678)_-__-__",
    "region": "Dnipropetrovsk area",
    "city": "Покровское",
    "operator": ""
},{
    "iso_code": "ua",
    "mask": "+380(5679)_-__-__",
    "region": "Dnipropetrovsk area",
    "city": "Чаплино",
    "operator": ""
},{
    "iso_code": "ua",
    "mask": "+380(5692)_-__-__",
    "region": "Dnipropetrovsk area",
    "city": "Donetsk",
    "operator": ""
},{
    "iso_code": "ua",
    "mask": "+380(57)___-__-__",
    "region": "La regione di kharkov",
    "city": "Kharkiv",
    "operator": ""
},{
    "iso_code": "ua",
    "mask": "+380(572)__-__-__",
    "region": "La regione di kharkov",
    "city": "Бабаи",
    "operator": ""
},{
    "iso_code": "ua",
    "mask": "+380(5733)_-__-__",
    "region": "La regione di kharkov",
    "city": "Коломак",
    "operator": ""
},{
    "iso_code": "ua",
    "mask": "+380(5740)_-__-__",
    "region": "La regione di kharkov",
    "city": "La Nuova Vodolaga",
    "operator": ""
},{
    "iso_code": "ua",
    "mask": "+380(5741)_-__-__",
    "region": "La regione di kharkov",
    "city": "Il Vecchio Салтов",
    "operator": ""
},{
    "iso_code": "ua",
    "mask": "+380(5742)_-__-__",
    "region": "La regione di kharkov",
    "city": "Ковшаровка",
    "operator": ""
},{
    "iso_code": "ua",
    "mask": "+380(5743)_-__-__",
    "region": "La regione di kharkov",
    "city": "Uvetta",
    "operator": ""
},{
    "iso_code": "ua",
    "mask": "+380(57442)__-__",
    "region": "La regione di kharkov",
    "city": "Красноград",
    "operator": ""
},{
    "iso_code": "ua",
    "mask": "+380(5745)_-__-__",
    "region": "La regione di kharkov",
    "city": "Краснопавловка",
    "operator": ""
},{
    "iso_code": "ua",
    "mask": "+380(5746)_-__-__",
    "region": "La regione di kharkov",
    "city": "Чкаловское",
    "operator": ""
},{
    "iso_code": "ua",
    "mask": "+380(5747)_-__-__",
    "region": "La regione di kharkov",
    "city": "Комсомольское",
    "operator": ""
},{
    "iso_code": "ua",
    "mask": "+380(5748)_-__-__",
    "region": "La regione di kharkov",
    "city": "May day",
    "operator": ""
},{
    "iso_code": "ua",
    "mask": "+380(5749)_-__-__",
    "region": "La regione di kharkov",
    "city": "Балаклея",
    "operator": ""
},{
    "iso_code": "ua",
    "mask": "+380(5750)_-__-__",
    "region": "La regione di kharkov",
    "city": "Двуречная",
    "operator": ""
},{
    "iso_code": "ua",
    "mask": "+380(5751)_-__-__",
    "region": "La regione di kharkov",
    "city": "Шевченково",
    "operator": ""
},{
    "iso_code": "ua",
    "mask": "+380(5752)_-__-__",
    "region": "La regione di kharkov",
    "city": "Приколотное",
    "operator": ""
},{
    "iso_code": "ua",
    "mask": "+380(5753)_-__-__",
    "region": "La regione di kharkov",
    "city": "Ковяги",
    "operator": ""
},{
    "iso_code": "ua",
    "mask": "+380(5754)_-__-__",
    "region": "La regione di kharkov",
    "city": "Близнюки",
    "operator": ""
},{
    "iso_code": "ua",
    "mask": "+380(5755)_-__-__",
    "region": "La regione di kharkov",
    "city": "Чапаево",
    "operator": ""
},{
    "iso_code": "ua",
    "mask": "+380(5756)_-__-__",
    "region": "La regione di kharkov",
    "city": "Kostiantynivka",
    "operator": ""
},{
    "iso_code": "ua",
    "mask": "+380(57572)__-__",
    "region": "La regione di kharkov",
    "city": "Барвенково",
    "operator": ""
},{
    "iso_code": "ua",
    "mask": "+380(5758)_-__-__",
    "region": "La regione di kharkov",
    "city": "Богодухов",
    "operator": ""
},{
    "iso_code": "ua",
    "mask": "+380(5759)_-__-__",
    "region": "La regione di kharkov",
    "city": "Borovaya",
    "operator": ""
},{
    "iso_code": "ua",
    "mask": "+380(5761)_-__-__",
    "region": "La regione di kharkov",
    "city": "Зачепиловка",
    "operator": ""
},{
    "iso_code": "ua",
    "mask": "+380(5762)_-__-__",
    "region": "La regione di kharkov",
    "city": "Сахновщина",
    "operator": ""
},{
    "iso_code": "ua",
    "mask": "+380(5763)_-__-__",
    "region": "La regione di kharkov",
    "city": "Черкасская Lozova",
    "operator": ""
},{
    "iso_code": "ua",
    "mask": "+380(5764)_-__-__",
    "region": "La regione di kharkov",
    "city": "Zolochev",
    "operator": ""
},{
    "iso_code": "ua",
    "mask": "+380(5765)_-__-__",
    "region": "La regione di kharkov",
    "city": "Peceneghi",
    "operator": ""
},{
    "iso_code": "ua",
    "mask": "+380(61)___-__-__",
    "region": "Zaporizhzhya regione",
    "city": "Zaporizhia",
    "operator": ""
},{
    "iso_code": "ua",
    "mask": "+380(612)__-__-__",
    "region": "Zaporizhzhya regione",
    "city": "Балабино",
    "operator": ""
},{
    "iso_code": "ua",
    "mask": "+380(6131)_-__-__",
    "region": "Zaporizhzhya regione",
    "city": "Kirillovka",
    "operator": ""
},{
    "iso_code": "ua",
    "mask": "+380(6132)_-__-__",
    "region": "Zaporizhzhya regione",
    "city": "Михайловка",
    "operator": ""
},{
    "iso_code": "ua",
    "mask": "+380(6133)_-__-__",
    "region": "Zaporizhzhya regione",
    "city": "Нововасилевка",
    "operator": ""
},{
    "iso_code": "ua",
    "mask": "+380(6136)_-__-__",
    "region": "Zaporizhzhya regione",
    "city": "Divertente",
    "operator": ""
},{
    "iso_code": "ua",
    "mask": "+380(6137)_-__-__",
    "region": "Zaporizhzhya regione",
    "city": "Primorsk",
    "operator": ""
},{
    "iso_code": "ua",
    "mask": "+380(6138)_-__-__",
    "region": "Zaporizhzhya regione",
    "city": "Stufa-Днепровская",
    "operator": ""
},{
    "iso_code": "ua",
    "mask": "+380(6139)_-__-__",
    "region": "Zaporizhzhya regione",
    "city": "Yaremcha",
    "operator": ""
},{
    "iso_code": "ua",
    "mask": "+380(6140)_-__-__",
    "region": "Zaporizhzhya regione",
    "city": "Черниговка",
    "operator": ""
},{
    "iso_code": "ua",
    "mask": "+380(6141)_-__-__",
    "region": "Zaporizhzhya regione",
    "city": "Камышеваха",
    "operator": ""
},{
    "iso_code": "ua",
    "mask": "+380(6142)_-__-__",
    "region": "Zaporizhzhya regione",
    "city": "Viterbo",
    "operator": ""
},{
    "iso_code": "ua",
    "mask": "+380(6143)_-__-__",
    "region": "Zaporizhzhya regione",
    "city": "Вольнянск",
    "operator": ""
},{
    "iso_code": "ua",
    "mask": "+380(6144)_-__-__",
    "region": "Zaporizhzhya regione",
    "city": "Новониколаевка",
    "operator": ""
},{
    "iso_code": "ua",
    "mask": "+380(6145)_-__-__",
    "region": "Zaporizhzhya regione",
    "city": "Città huliaipole",
    "operator": ""
},{
    "iso_code": "ua",
    "mask": "+380(6147)_-__-__",
    "region": "Zaporizhzhya regione",
    "city": "Il Giunco-Alba",
    "operator": ""
},{
    "iso_code": "ua",
    "mask": "+380(6153)_-__-__",
    "region": "Zaporizhzhya regione",
    "city": "Berdyansk",
    "operator": ""
},{
    "iso_code": "ua",
    "mask": "+380(6162)_-__-__",
    "region": "Zaporizhzhya regione",
    "city": "Розовка",
    "operator": ""
},{
    "iso_code": "ua",
    "mask": "+380(6165)_-__-__",
    "region": "Zaporizhzhya regione",
    "city": "Tettoie",
    "operator": ""
},{
    "iso_code": "ua",
    "mask": "+380(6175)_-__-__",
    "region": "Zaporizhzhya regione",
    "city": "Днепрорудное",
    "operator": ""
},{
    "iso_code": "ua",
    "mask": "+380(6178)_-__-__",
    "region": "Zaporizhzhya regione",
    "city": "Токмак",
    "operator": ""
},{
    "iso_code": "ua",
    "mask": "+380(62)___-__-__",
    "region": "L'area di donetsk",
    "city": "Donetsk",
    "operator": ""
},{
    "iso_code": "ua",
    "mask": "+380(622)__-__-__",
    "region": "L'area di donetsk",
    "city": "Donetsk",
    "operator": ""
},{
    "iso_code": "ua",
    "mask": "+380(6212)_-__-__",
    "region": "L'area di donetsk",
    "city": "Красногоровка",
    "operator": ""
},{
    "iso_code": "ua",
    "mask": "+380(6213)_-__-__",
    "region": "L'area di donetsk",
    "city": "Grande Новоселка",
    "operator": ""
},{
    "iso_code": "ua",
    "mask": "+380(6214)_-__-__",
    "region": "L'area di donetsk",
    "city": "Докучаевск",
    "operator": ""
},{
    "iso_code": "ua",
    "mask": "+380(6217)_-__-__",
    "region": "L'area di donetsk",
    "city": "Комсомольское",
    "operator": ""
},{
    "iso_code": "ua",
    "mask": "+380(6232)_-__-__",
    "region": "L'area di donetsk",
    "city": "Makiyivka",
    "operator": ""
},{
    "iso_code": "ua",
    "mask": "+380(6236)_-__-__",
    "region": "L'area di donetsk",
    "city": "Авдеевка",
    "operator": ""
},{
    "iso_code": "ua",
    "mask": "+380(6237)_-__-__",
    "region": "L'area di donetsk",
    "city": "Minatore",
    "operator": ""
},{
    "iso_code": "ua",
    "mask": "+380(6239)_-__-__",
    "region": "L'area di donetsk",
    "city": "Dimitrov",
    "operator": ""
},{
    "iso_code": "ua",
    "mask": "+380(6242)_-__-__",
    "region": "L'area di donetsk",
    "city": "Горловка",
    "operator": ""
},{
    "iso_code": "ua",
    "mask": "+380(6247)_-__-__",
    "region": "L'area di donetsk",
    "city": "Dzerzhinsk",
    "operator": ""
},{
    "iso_code": "ua",
    "mask": "+380(6249)_-__-__",
    "region": "L'area di donetsk",
    "city": "Дебальцево",
    "operator": ""
},{
    "iso_code": "ua",
    "mask": "+380(6250)_-__-__",
    "region": "L'area di donetsk",
    "city": "Кировское",
    "operator": ""
},{
    "iso_code": "ua",
    "mask": "+380(6252)_-__-__",
    "region": "L'area di donetsk",
    "city": "Coro",
    "operator": ""
},{
    "iso_code": "ua",
    "mask": "+380(6254)_-__-__",
    "region": "L'area di donetsk",
    "city": "Торез",
    "operator": ""
},{
    "iso_code": "ua",
    "mask": "+380(6255)_-__-__",
    "region": "L'area di donetsk",
    "city": "Шахтерск",
    "operator": ""
},{
    "iso_code": "ua",
    "mask": "+380(6256)_-__-__",
    "region": "L'area di donetsk",
    "city": "Бражино",
    "operator": ""
},{
    "iso_code": "ua",
    "mask": "+380(6257)_-__-__",
    "region": "L'area di donetsk",
    "city": "Иловайск",
    "operator": ""
},{
    "iso_code": "ua",
    "mask": "+380(6259)_-__-__",
    "region": "L'area di donetsk",
    "city": "Амвросиевка",
    "operator": ""
},{
    "iso_code": "ua",
    "mask": "+380(6261)_-__-__",
    "region": "L'area di donetsk",
    "city": "Дробышево",
    "operator": ""
},{
    "iso_code": "ua",
    "mask": "+380(6262)_-__-__",
    "region": "L'area di donetsk",
    "city": "Andriivka",
    "operator": ""
},{
    "iso_code": "ua",
    "mask": "+380(6264)_-__-__",
    "region": "L'area di donetsk",
    "city": "Беленькое",
    "operator": ""
},{
    "iso_code": "ua",
    "mask": "+380(6267)_-__-__",
    "region": "L'area di donetsk",
    "city": "Дружковка",
    "operator": ""
},{
    "iso_code": "ua",
    "mask": "+380(6269)_-__-__",
    "region": "L'area di donetsk",
    "city": "Aleksandrovka",
    "operator": ""
},{
    "iso_code": "ua",
    "mask": "+380(6272)_-__-__",
    "region": "L'area di donetsk",
    "city": "Kostiantynivka",
    "operator": ""
},{
    "iso_code": "ua",
    "mask": "+380(6273)_-__-__",
    "region": "L'area di donetsk",
    "city": "Угледар",
    "operator": ""
},{
    "iso_code": "ua",
    "mask": "+380(6274)_-__-__",
    "region": "L'area di donetsk",
    "city": "Артемовск",
    "operator": ""
},{
    "iso_code": "ua",
    "mask": "+380(6277)_-__-__",
    "region": "L'area di donetsk",
    "city": "Белозерское",
    "operator": ""
},{
    "iso_code": "ua",
    "mask": "+380(6279)_-__-__",
    "region": "L'area di donetsk",
    "city": "Тельманово",
    "operator": ""
},{
    "iso_code": "ua",
    "mask": "+380(629)__-__-__",
    "region": "L'area di donetsk",
    "city": "Mariupol",
    "operator": ""
},{
    "iso_code": "ua",
    "mask": "+380(6296)_-__-__",
    "region": "L'area di donetsk",
    "city": "Novoazovsk",
    "operator": ""
},{
    "iso_code": "ua",
    "mask": "+380(6297)_-__-__",
    "region": "L'area di donetsk",
    "city": "Першотравневое",
    "operator": ""
},{
    "iso_code": "ua",
    "mask": "+380(6299)_-__-__",
    "region": "L'area di donetsk",
    "city": "Tranquillo",
    "operator": ""
},{
    "iso_code": "ua",
    "mask": "+380(64)___-__-__",
    "region": "Луганская area",
    "city": "Lugansk",
    "operator": ""
},{
    "iso_code": "ua",
    "mask": "+380(642)__-__-__",
    "region": "Луганская area",
    "city": "Luhansk",
    "operator": ""
},{
    "iso_code": "ua",
    "mask": "+380(6431)_-__-__",
    "region": "Луганская area",
    "city": "Antracite",
    "operator": ""
},{
    "iso_code": "ua",
    "mask": "+380(6432)_-__-__",
    "region": "Луганская area",
    "city": "Il Raggio Rosso",
    "operator": ""
},{
    "iso_code": "ua",
    "mask": "+380(6433)_-__-__",
    "region": "Луганская area",
    "city": "Ровеньки",
    "operator": ""
},{
    "iso_code": "ua",
    "mask": "+380(6434)_-__-__",
    "region": "Луганская area",
    "city": "Di sverdlovsk",
    "operator": ""
},{
    "iso_code": "ua",
    "mask": "+380(6435)_-__-__",
    "region": "Луганская area",
    "city": "Изварино",
    "operator": ""
},{
    "iso_code": "ua",
    "mask": "+380(6436)_-__-__",
    "region": "Луганская area",
    "city": "Лутугино",
    "operator": ""
},{
    "iso_code": "ua",
    "mask": "+380(6441)_-__-__",
    "region": "Луганская area",
    "city": "Перевальск",
    "operator": ""
},{
    "iso_code": "ua",
    "mask": "+380(6442)_-__-__",
    "region": "Луганская area",
    "city": "Alčevs'k",
    "operator": ""
},{
    "iso_code": "ua",
    "mask": "+380(6443)_-__-__",
    "region": "Луганская area",
    "city": "Брянка",
    "operator": ""
},{
    "iso_code": "ua",
    "mask": "+380(6444)_-__-__",
    "region": "Луганская area",
    "city": "Стаханов",
    "operator": ""
},{
    "iso_code": "ua",
    "mask": "+380(6445)_-__-__",
    "region": "Луганская area",
    "city": "Новоайдар",
    "operator": ""
},{
    "iso_code": "ua",
    "mask": "+380(6446)_-__-__",
    "region": "Луганская area",
    "city": "Кировск",
    "operator": ""
},{
    "iso_code": "ua",
    "mask": "+380(6451)_-__-__",
    "region": "Луганская area",
    "city": "Лисичанск",
    "operator": ""
},{
    "iso_code": "ua",
    "mask": "+380(6452)_-__-__",
    "region": "Луганская area",
    "city": "Oristano",
    "operator": ""
},{
    "iso_code": "ua",
    "mask": "+380(6453)_-__-__",
    "region": "Луганская area",
    "city": "Рубежное",
    "operator": ""
},{
    "iso_code": "ua",
    "mask": "+380(6454)_-__-__",
    "region": "Луганская area",
    "city": "Кременная",
    "operator": ""
},{
    "iso_code": "ua",
    "mask": "+380(6455)_-__-__",
    "region": "Луганская area",
    "city": "Pervomaisk",
    "operator": ""
},{
    "iso_code": "ua",
    "mask": "+380(6456)_-__-__",
    "region": "Луганская area",
    "city": "Троицкое",
    "operator": ""
},{
    "iso_code": "ua",
    "mask": "+380(6461)_-__-__",
    "region": "Луганская area",
    "city": "Старобельск",
    "operator": ""
},{
    "iso_code": "ua",
    "mask": "+380(6462)_-__-__",
    "region": "Луганская area",
    "city": "Белокуракино",
    "operator": ""
},{
    "iso_code": "ua",
    "mask": "+380(6463)_-__-__",
    "region": "Луганская area",
    "city": "Белолуцк",
    "operator": ""
},{
    "iso_code": "ua",
    "mask": "+380(6464)_-__-__",
    "region": "Луганская area",
    "city": "Markovka",
    "operator": ""
},{
    "iso_code": "ua",
    "mask": "+380(6465)_-__-__",
    "region": "Луганская area",
    "city": "Меловое",
    "operator": ""
},{
    "iso_code": "ua",
    "mask": "+380(6471)_-__-__",
    "region": "Луганская area",
    "city": "Inferiore Дуванка",
    "operator": ""
},{
    "iso_code": "ua",
    "mask": "+380(6472)_-__-__",
    "region": "Луганская area",
    "city": "Villaggio Луганская",
    "operator": ""
},{
    "iso_code": "ua",
    "mask": "+380(6473)_-__-__",
    "region": "Луганская area",
    "city": "Frunze",
    "operator": ""
},{
    "iso_code": "ua",
    "mask": "+380(6474)_-__-__",
    "region": "Луганская area",
    "city": "Попасная",
    "operator": ""
},{
    "iso_code": "ua",
    "mask": "+380(65)___-__-__",
    "region": "La Repubblica Autonoma Di Crimea",
    "city": "Simferopol",
    "operator": ""
},{
    "iso_code": "ua",
    "mask": "+380(652)__-__-__",
    "region": "La Repubblica Autonoma Di Crimea",
    "city": "Аэрофлотский",
    "operator": ""
},{
    "iso_code": "ua",
    "mask": "+380(654)__-__-__",
    "region": "La Repubblica Autonoma Di Crimea",
    "city": "Alupka",
    "operator": ""
},{
    "iso_code": "ua",
    "mask": "+380(6550)_-__-__",
    "region": "La Repubblica Autonoma Di Crimea",
    "city": "Нижнегорский",
    "operator": ""
},{
    "iso_code": "ua",
    "mask": "+380(6551)_-__-__",
    "region": "La Repubblica Autonoma Di Crimea",
    "city": "Sovietica",
    "operator": ""
},{
    "iso_code": "ua",
    "mask": "+380(6552)_-__-__",
    "region": "La Repubblica Autonoma Di Crimea",
    "city": "May day regione",
    "operator": ""
},{
    "iso_code": "ua",
    "mask": "+380(6553)_-__-__",
    "region": "La Repubblica Autonoma Di Crimea",
    "city": "Новоселовское",
    "operator": ""
},{
    "iso_code": "ua",
    "mask": "+380(6554)_-__-__",
    "region": "La Repubblica Autonoma Di Crimea",
    "city": "Bachčysaraj",
    "operator": ""
},{
    "iso_code": "ua",
    "mask": "+380(6555)_-__-__",
    "region": "La Repubblica Autonoma Di Crimea",
    "city": "Кировское",
    "operator": ""
},{
    "iso_code": "ua",
    "mask": "+380(6556)_-__-__",
    "region": "La Repubblica Autonoma Di Crimea",
    "city": "Красногвардейское",
    "operator": ""
},{
    "iso_code": "ua",
    "mask": "+380(6557)_-__-__",
    "region": "La Repubblica Autonoma Di Crimea",
    "city": "Багерово",
    "operator": ""
},{
    "iso_code": "ua",
    "mask": "+380(6558)_-__-__",
    "region": "La Repubblica Autonoma Di Crimea",
    "city": "Nero",
    "operator": ""
},{
    "iso_code": "ua",
    "mask": "+380(6559)_-__-__",
    "region": "La Repubblica Autonoma Di Crimea",
    "city": "Зуя",
    "operator": ""
},{
    "iso_code": "ua",
    "mask": "+380(6560)_-__-__",
    "region": "La Repubblica Autonoma Di Crimea",
    "city": "Alushta",
    "operator": ""
},{
    "iso_code": "ua",
    "mask": "+380(6561)_-__-__",
    "region": "La Repubblica Autonoma Di Crimea",
    "city": "Kerch",
    "operator": ""
},{
    "iso_code": "ua",
    "mask": "+380(6562)_-__-__",
    "region": "La Repubblica Autonoma Di Crimea",
    "city": "Teodosio",
    "operator": ""
},{
    "iso_code": "ua",
    "mask": "+380(6563)_-__-__",
    "region": "La Repubblica Autonoma Di Crimea",
    "city": "Saki",
    "operator": ""
},{
    "iso_code": "ua",
    "mask": "+380(6564)_-__-__",
    "region": "La Repubblica Autonoma Di Crimea",
    "city": "Azov",
    "operator": ""
},{
    "iso_code": "ua",
    "mask": "+380(6565)_-__-__",
    "region": "La Repubblica Autonoma Di Crimea",
    "city": "Armyansk",
    "operator": ""
},{
    "iso_code": "ua",
    "mask": "+380(6566)_-__-__",
    "region": "La Repubblica Autonoma Di Crimea",
    "city": "Spa",
    "operator": ""
},{
    "iso_code": "ua",
    "mask": "+380(6569)_-__-__",
    "region": "La Repubblica Autonoma Di Crimea",
    "city": "Новоозерное",
    "operator": ""
},{
    "iso_code": "ua",
    "mask": "+380(69)___-__-__",
    "region": "La Repubblica Autonoma Di Crimea",
    "city": "Sebastopoli",
    "operator": ""
},{
    "iso_code": "ua",
    "mask": "+380(692)__-__-__",
    "region": "La Repubblica Autonoma Di Crimea",
    "city": "Белокаменск",
    "operator": ""
},{
    "iso_code": "ua",
    "mask": "+38(039)___-__-__",
    "region": "Ucraina",
    "city": "Tutte le città",
    "operator": "Kyivstar (Golden Telecom)"
},{
    "iso_code": "ua",
    "mask": "+38(067)___-__-__",
    "region": "Ucraina",
    "city": "Tutte le città",
    "operator": "Kyivstar"
},{
    "iso_code": "ua",
    "mask": "+38(068)___-__-__",
    "region": "Ucraina",
    "city": "Tutte le città",
    "operator": "Kyivstar"
},{
    "iso_code": "ua",
    "mask": "+38(096)___-__-__",
    "region": "Ucraina",
    "city": "Tutte le città",
    "operator": "Kyivstar"
},{
    "iso_code": "ua",
    "mask": "+38(097)___-__-__",
    "region": "Ucraina",
    "city": "Tutte le città",
    "operator": "Kyivstar"
},{
    "iso_code": "ua",
    "mask": "+38(098)___-__-__",
    "region": "Ucraina",
    "city": "Tutte le città",
    "operator": "Kyivstar"
},{
    "iso_code": "ua",
    "mask": "+38(066)___-__-__",
    "region": "Ucraina",
    "city": "Tutte le città",
    "operator": "MTS"
},{
    "iso_code": "ua",
    "mask": "+38(050)___-__-__",
    "region": "Ucraina",
    "city": "Tutte le città",
    "operator": "MTS"
},{
    "iso_code": "ua",
    "mask": "+38(095)___-__-__",
    "region": "Ucraina",
    "city": "Tutte le città",
    "operator": "MTS"
},{
    "iso_code": "ua",
    "mask": "+38(099)___-__-__",
    "region": "Ucraina",
    "city": "Tutte le città",
    "operator": "MTS"
},{
    "iso_code": "ua",
    "mask": "+38(900)___-__-__",
    "region": "Ucraina",
    "city": "Tutte le città",
    "operator": "Servizi a pagamento "
},{
    "iso_code": "ua",
    "mask": "+38(063)___-__-__",
    "region": "Ucraina",
    "city": "Tutte le città",
    "operator": "life:)"
},{
    "iso_code": "ua",
    "mask": "+38(093)___-__-__",
    "region": "Ucraina",
    "city": "Tutte le città",
    "operator": "life:)"
},{
    "iso_code": "ua",
    "mask": "+38(091)___-__-__",
    "region": "Ucraina",
    "city": "Tutte le città",
    "operator": "Utel"
},{
    "iso_code": "ua",
    "mask": "+38(092)___-__-__",
    "region": "Ucraina",
    "city": "Tutte le città",
    "operator": "PEOPLEnet"
},{
    "iso_code": "ua",
    "mask": "+38(094)___-__-__",
    "region": "Ucraina",
    "city": "Tutte le città",
    "operator": "Интертелеком"
}]